student_id,student_name,primary_domain,skills_confidence,evidence_dsl,work_history,availability_hours_week,weeks_available,interests,prior_negative,project_id,company_name,domain,decision_needed,deliverable,required_skills,estimated_hours,deadline_days,required_hours_per_week,capacity_ratio,evidence_score,accepted,would_request_again,confidence,rationale,label_source
S001,Maya Chen,AI/ML,Python: strong; PyTorch: strong; ML: strong; SQL: decent; React: decent; Cloud: beginner; Data visualization: strong; Technical writing: decent,verified:ml:4; assessment:ml:6; verified:ml:9; resume:ml:8; resume:research:8; self:data:3,AI Research Assistant - AI Lab; Software Engineering Intern - NeuralWorks Labs,10,12,AI/ML; Applied AI; AI startups; Computer vision; Developer tools,,P001,VisionForge AI,AI/ML,Improve an existing computer vision model and explain technical tradeoffs,PyTorch model improvement + reproducible implementation + technical memo,Python; PyTorch; Machine learning; Model evaluation; Git,8,10,5.6,1.79,1.405,1,1,high,Strong verified ML evidence,human_anchor
S001,Maya Chen,AI/ML,Python: strong; PyTorch: strong; ML: strong; SQL: decent; React: decent; Cloud: beginner; Data visualization: strong; Technical writing: decent,verified:ml:4; assessment:ml:6; verified:ml:9; resume:ml:8; resume:research:8; self:data:3,AI Research Assistant - AI Lab; Software Engineering Intern - NeuralWorks Labs,10,12,AI/ML; Applied AI; AI startups; Computer vision; Developer tools,,P002,DataStack Labs,Infrastructure/Data,Build a reliable pipeline from messy source data,Ingestion + cleaning + validation + storage + analytics table,Python; SQL; Data engineering; Data validation; Git,7,7,7.0,1.43,0.703,1,1,high,Strong technical overlap,human_anchor
S001,Maya Chen,AI/ML,Python: strong; PyTorch: strong; ML: strong; SQL: decent; React: decent; Cloud: beginner; Data visualization: strong; Technical writing: decent,verified:ml:4; assessment:ml:6; verified:ml:9; resume:ml:8; resume:research:8; self:data:3,AI Research Assistant - AI Lab; Software Engineering Intern - NeuralWorks Labs,10,12,AI/ML; Applied AI; AI startups; Computer vision; Developer tools,,P003,HarborPoint Advisory,Investment Banking,Construct and defend a basic financial model from raw company information,Three-statement model + valuation + sensitivity analysis,Excel; Accounting; Financial modeling; Valuation,8,7,8.0,1.25,0.211,0,0,high,Weak finance evidence,human_anchor
S001,Maya Chen,AI/ML,Python: strong; PyTorch: strong; ML: strong; SQL: decent; React: decent; Cloud: beginner; Data visualization: strong; Technical writing: decent,verified:ml:4; assessment:ml:6; verified:ml:9; resume:ml:8; resume:research:8; self:data:3,AI Research Assistant - AI Lab; Software Engineering Intern - NeuralWorks Labs,10,12,AI/ML; Applied AI; AI startups; Computer vision; Developer tools,,P004,Northstar Strategy,Strategy/Research,Research a fragmented market and produce actionable strategic insight,Market map + competitor analysis + TAM/SAM/SOM + recommendation + sources,Market research; Competitive analysis; Writing; Structured thinking,6,7,6.0,1.67,0.482,1,1,high,Strong research background,human_anchor
S001,Maya Chen,AI/ML,Python: strong; PyTorch: strong; ML: strong; SQL: decent; React: decent; Cloud: beginner; Data visualization: strong; Technical writing: decent,verified:ml:4; assessment:ml:6; verified:ml:9; resume:ml:8; resume:research:8; self:data:3,AI Research Assistant - AI Lab; Software Engineering Intern - NeuralWorks Labs,10,12,AI/ML; Applied AI; AI startups; Computer vision; Developer tools,,P005,Looply,Growth/Performance,Design and execute a low-cost consumer growth experiment,Growth hypothesis + campaign + KPI framework + analysis + next steps,Growth marketing; Analytics; Campaign design; Consumer psychology,8,14,4.0,2.5,0.292,0,0,high,Low domain fit,human_anchor
S001,Maya Chen,AI/ML,Python: strong; PyTorch: strong; ML: strong; SQL: decent; React: decent; Cloud: beginner; Data visualization: strong; Technical writing: decent,verified:ml:4; assessment:ml:6; verified:ml:9; resume:ml:8; resume:research:8; self:data:3,AI Research Assistant - AI Lab; Software Engineering Intern - NeuralWorks Labs,10,12,AI/ML; Applied AI; AI startups; Computer vision; Developer tools,,P006,LaunchLayer,Product Engineering,Implement an ambiguous feature inside an existing codebase,React/Node feature + tests + documentation + PR-style review,JavaScript/TypeScript; React; Node.js; Git; Software engineering,8,7,8.0,1.25,0.703,1,1,high,Strong engineering capability,human_anchor
S002,Ethan Williams,Finance,Excel: strong; Financial modeling: decent; Accounting: strong; PowerPoint: strong; Python: beginner; Market research: decent; Valuation: decent,resume:fin:6; resume:fin:14; resume:research:6; self:fin:4; self:fin:4; assessment:fin:10,Investment Banking Summer Analyst - Hamilton & Co.; Finance Club Analyst,6,10,Investment banking; Private equity; Financial analysis; Consulting,,P001,VisionForge AI,AI/ML,Improve an existing computer vision model and explain technical tradeoffs,PyTorch model improvement + reproducible implementation + technical memo,Python; PyTorch; Machine learning; Model evaluation; Git,8,10,5.6,1.07,0.131,0,0,high,Insufficient technical evidence,human_anchor
S002,Ethan Williams,Finance,Excel: strong; Financial modeling: decent; Accounting: strong; PowerPoint: strong; Python: beginner; Market research: decent; Valuation: decent,resume:fin:6; resume:fin:14; resume:research:6; self:fin:4; self:fin:4; assessment:fin:10,Investment Banking Summer Analyst - Hamilton & Co.; Finance Club Analyst,6,10,Investment banking; Private equity; Financial analysis; Consulting,,P002,DataStack Labs,Infrastructure/Data,Build a reliable pipeline from messy source data,Ingestion + cleaning + validation + storage + analytics table,Python; SQL; Data engineering; Data validation; Git,7,7,7.0,0.86,0.131,0,0,high,Limited data engineering evidence,human_anchor
S002,Ethan Williams,Finance,Excel: strong; Financial modeling: decent; Accounting: strong; PowerPoint: strong; Python: beginner; Market research: decent; Valuation: decent,resume:fin:6; resume:fin:14; resume:research:6; self:fin:4; self:fin:4; assessment:fin:10,Investment Banking Summer Analyst - Hamilton & Co.; Finance Club Analyst,6,10,Investment banking; Private equity; Financial analysis; Consulting,,P003,HarborPoint Advisory,Investment Banking,Construct and defend a basic financial model from raw company information,Three-statement model + valuation + sensitivity analysis,Excel; Accounting; Financial modeling; Valuation,8,7,8.0,0.75,0.873,1,1,high,Relevant finance background,human_anchor
S002,Ethan Williams,Finance,Excel: strong; Financial modeling: decent; Accounting: strong; PowerPoint: strong; Python: beginner; Market research: decent; Valuation: decent,resume:fin:6; resume:fin:14; resume:research:6; self:fin:4; self:fin:4; assessment:fin:10,Investment Banking Summer Analyst - Hamilton & Co.; Finance Club Analyst,6,10,Investment banking; Private equity; Financial analysis; Consulting,,P004,Northstar Strategy,Strategy/Research,Research a fragmented market and produce actionable strategic insight,Market map + competitor analysis + TAM/SAM/SOM + recommendation + sources,Market research; Competitive analysis; Writing; Structured thinking,6,7,6.0,1.0,0.588,1,1,high,Strong analytical overlap,human_anchor
S002,Ethan Williams,Finance,Excel: strong; Financial modeling: decent; Accounting: strong; PowerPoint: strong; Python: beginner; Market research: decent; Valuation: decent,resume:fin:6; resume:fin:14; resume:research:6; self:fin:4; self:fin:4; assessment:fin:10,Investment Banking Summer Analyst - Hamilton & Co.; Finance Club Analyst,6,10,Investment banking; Private equity; Financial analysis; Consulting,,P005,Looply,Growth/Performance,Design and execute a low-cost consumer growth experiment,Growth hypothesis + campaign + KPI framework + analysis + next steps,Growth marketing; Analytics; Campaign design; Consumer psychology,8,14,4.0,1.5,0.252,0,0,high,Limited marketing evidence,human_anchor
S002,Ethan Williams,Finance,Excel: strong; Financial modeling: decent; Accounting: strong; PowerPoint: strong; Python: beginner; Market research: decent; Valuation: decent,resume:fin:6; resume:fin:14; resume:research:6; self:fin:4; self:fin:4; assessment:fin:10,Investment Banking Summer Analyst - Hamilton & Co.; Finance Club Analyst,6,10,Investment banking; Private equity; Financial analysis; Consulting,,P006,LaunchLayer,Product Engineering,Implement an ambiguous feature inside an existing codebase,React/Node feature + tests + documentation + PR-style review,JavaScript/TypeScript; React; Node.js; Git; Software engineering,8,7,8.0,0.75,0.131,0,0,high,Insufficient engineering evidence,human_anchor
S003,Sofia Martinez,Product Engineering,Python: strong; JavaScript: strong; TypeScript: strong; React: strong; Node.js: strong; SQL: strong; Git: strong; System design: decent; AWS: decent,accepted_trial:eng:3; verified:eng:5; verified:eng:8; assessment:eng:6,Independent developer; No formal internship experience,15,16,Product engineering; SaaS; Developer tools; AI applications; Startups,,P001,VisionForge AI,AI/ML,Improve an existing computer vision model and explain technical tradeoffs,PyTorch model improvement + reproducible implementation + technical memo,Python; PyTorch; Machine learning; Model evaluation; Git,8,10,5.6,2.68,0.84,1,1,high,Strong technical evidence; ML depth should be defended,human_anchor
S003,Sofia Martinez,Product Engineering,Python: strong; JavaScript: strong; TypeScript: strong; React: strong; Node.js: strong; SQL: strong; Git: strong; System design: decent; AWS: decent,accepted_trial:eng:3; verified:eng:5; verified:eng:8; assessment:eng:6,Independent developer; No formal internship experience,15,16,Product engineering; SaaS; Developer tools; AI applications; Startups,,P002,DataStack Labs,Infrastructure/Data,Build a reliable pipeline from messy source data,Ingestion + cleaning + validation + storage + analytics table,Python; SQL; Data engineering; Data validation; Git,7,7,7.0,2.14,0.84,1,1,high,Excellent technical match,human_anchor
S003,Sofia Martinez,Product Engineering,Python: strong; JavaScript: strong; TypeScript: strong; React: strong; Node.js: strong; SQL: strong; Git: strong; System design: decent; AWS: decent,accepted_trial:eng:3; verified:eng:5; verified:eng:8; assessment:eng:6,Independent developer; No formal internship experience,15,16,Product engineering; SaaS; Developer tools; AI applications; Startups,,P003,HarborPoint Advisory,Investment Banking,Construct and defend a basic financial model from raw company information,Three-statement model + valuation + sensitivity analysis,Excel; Accounting; Financial modeling; Valuation,8,7,8.0,1.88,0.252,0,0,high,No finance evidence,human_anchor
S003,Sofia Martinez,Product Engineering,Python: strong; JavaScript: strong; TypeScript: strong; React: strong; Node.js: strong; SQL: strong; Git: strong; System design: decent; AWS: decent,accepted_trial:eng:3; verified:eng:5; verified:eng:8; assessment:eng:6,Independent developer; No formal internship experience,15,16,Product engineering; SaaS; Developer tools; AI applications; Startups,,P004,Northstar Strategy,Strategy/Research,Research a fragmented market and produce actionable strategic insight,Market map + competitor analysis + TAM/SAM/SOM + recommendation + sources,Market research; Competitive analysis; Writing; Structured thinking,6,7,6.0,2.5,0.252,0,0,high,Limited research evidence,human_anchor
S003,Sofia Martinez,Product Engineering,Python: strong; JavaScript: strong; TypeScript: strong; React: strong; Node.js: strong; SQL: strong; Git: strong; System design: decent; AWS: decent,accepted_trial:eng:3; verified:eng:5; verified:eng:8; assessment:eng:6,Independent developer; No formal internship experience,15,16,Product engineering; SaaS; Developer tools; AI applications; Startups,,P005,Looply,Growth/Performance,Design and execute a low-cost consumer growth experiment,Growth hypothesis + campaign + KPI framework + analysis + next steps,Growth marketing; Analytics; Campaign design; Consumer psychology,8,14,4.0,3.75,0.252,0,0,high,Weak domain fit,human_anchor
S003,Sofia Martinez,Product Engineering,Python: strong; JavaScript: strong; TypeScript: strong; React: strong; Node.js: strong; SQL: strong; Git: strong; System design: decent; AWS: decent,accepted_trial:eng:3; verified:eng:5; verified:eng:8; assessment:eng:6,Independent developer; No formal internship experience,15,16,Product engineering; SaaS; Developer tools; AI applications; Startups,,P006,LaunchLayer,Product Engineering,Implement an ambiguous feature inside an existing codebase,React/Node feature + tests + documentation + PR-style review,JavaScript/TypeScript; React; Node.js; Git; Software engineering,8,7,8.0,1.88,1.68,1,1,high,Directly validated product engineering,human_anchor
S004,Daniel Park,Infrastructure/Data,Python: strong; ML: strong; SQL: strong; Data engineering: strong; AWS: strong; Docker: strong; Kubernetes: decent; React: beginner,verified:data:5; assessment:data:5; assessment:ml:7; resume:data:9; self:data:3,Cloud Engineering Intern - CloudForge; Research Assistant - Data Systems Lab,2,12,Data engineering; Infrastructure; ML infrastructure; Cloud computing,,P001,VisionForge AI,AI/ML,Improve an existing computer vision model and explain technical tradeoffs,PyTorch model improvement + reproducible implementation + technical memo,Python; PyTorch; Machine learning; Model evaluation; Git,8,10,5.6,0.36,0.853,1,1,high,Strong ML capability but availability constraint,human_anchor
S004,Daniel Park,Infrastructure/Data,Python: strong; ML: strong; SQL: strong; Data engineering: strong; AWS: strong; Docker: strong; Kubernetes: decent; React: beginner,verified:data:5; assessment:data:5; assessment:ml:7; resume:data:9; self:data:3,Cloud Engineering Intern - CloudForge; Research Assistant - Data Systems Lab,2,12,Data engineering; Infrastructure; ML infrastructure; Cloud computing,,P002,DataStack Labs,Infrastructure/Data,Build a reliable pipeline from messy source data,Ingestion + cleaning + validation + storage + analytics table,Python; SQL; Data engineering; Data validation; Git,7,7,7.0,0.29,1.216,1,1,high,Excellent technical fit,human_anchor
S004,Daniel Park,Infrastructure/Data,Python: strong; ML: strong; SQL: strong; Data engineering: strong; AWS: strong; Docker: strong; Kubernetes: decent; React: beginner,verified:data:5; assessment:data:5; assessment:ml:7; resume:data:9; self:data:3,Cloud Engineering Intern - CloudForge; Research Assistant - Data Systems Lab,2,12,Data engineering; Infrastructure; ML infrastructure; Cloud computing,,P003,HarborPoint Advisory,Investment Banking,Construct and defend a basic financial model from raw company information,Three-statement model + valuation + sensitivity analysis,Excel; Accounting; Financial modeling; Valuation,8,7,8.0,0.25,0.19,0,0,high,No finance evidence,human_anchor
S004,Daniel Park,Infrastructure/Data,Python: strong; ML: strong; SQL: strong; Data engineering: strong; AWS: strong; Docker: strong; Kubernetes: decent; React: beginner,verified:data:5; assessment:data:5; assessment:ml:7; resume:data:9; self:data:3,Cloud Engineering Intern - CloudForge; Research Assistant - Data Systems Lab,2,12,Data engineering; Infrastructure; ML infrastructure; Cloud computing,,P004,Northstar Strategy,Strategy/Research,Research a fragmented market and produce actionable strategic insight,Market map + competitor analysis + TAM/SAM/SOM + recommendation + sources,Market research; Competitive analysis; Writing; Structured thinking,6,7,6.0,0.33,0.19,0,0,high,Limited evidence,human_anchor
S004,Daniel Park,Infrastructure/Data,Python: strong; ML: strong; SQL: strong; Data engineering: strong; AWS: strong; Docker: strong; Kubernetes: decent; React: beginner,verified:data:5; assessment:data:5; assessment:ml:7; resume:data:9; self:data:3,Cloud Engineering Intern - CloudForge; Research Assistant - Data Systems Lab,2,12,Data engineering; Infrastructure; ML infrastructure; Cloud computing,,P005,Looply,Growth/Performance,Design and execute a low-cost consumer growth experiment,Growth hypothesis + campaign + KPI framework + analysis + next steps,Growth marketing; Analytics; Campaign design; Consumer psychology,8,14,4.0,0.5,0.19,0,0,high,Poor fit,human_anchor
S004,Daniel Park,Infrastructure/Data,Python: strong; ML: strong; SQL: strong; Data engineering: strong; AWS: strong; Docker: strong; Kubernetes: decent; React: beginner,verified:data:5; assessment:data:5; assessment:ml:7; resume:data:9; self:data:3,Cloud Engineering Intern - CloudForge; Research Assistant - Data Systems Lab,2,12,Data engineering; Infrastructure; ML infrastructure; Cloud computing,,P006,LaunchLayer,Product Engineering,Implement an ambiguous feature inside an existing codebase,React/Node feature + tests + documentation + PR-style review,JavaScript/TypeScript; React; Node.js; Git; Software engineering,8,7,8.0,0.25,0.634,0,0,high,Availability too low,human_anchor
S005,Olivia Thompson,Strategy/Research,Market research: strong; Competitive analysis: strong; Excel: decent; SQL: beginner; Technical writing: strong; Presentation: strong; Data analysis: decent,verified:research:4; verified:research:7; resume:research:10; assessment:research:5; self:research:3,Research Assistant; Strategy Intern - GrowthBridge Consulting,8,12,Strategy; Market intelligence; Consulting; Technology research; Startups,,P001,VisionForge AI,AI/ML,Improve an existing computer vision model and explain technical tradeoffs,PyTorch model improvement + reproducible implementation + technical memo,Python; PyTorch; Machine learning; Model evaluation; Git,8,10,5.6,1.43,0.211,0,0,high,No technical evidence,human_anchor
S005,Olivia Thompson,Strategy/Research,Market research: strong; Competitive analysis: strong; Excel: decent; SQL: beginner; Technical writing: strong; Presentation: strong; Data analysis: decent,verified:research:4; verified:research:7; resume:research:10; assessment:research:5; self:research:3,Research Assistant; Strategy Intern - GrowthBridge Consulting,8,12,Strategy; Market intelligence; Consulting; Technology research; Startups,,P002,DataStack Labs,Infrastructure/Data,Build a reliable pipeline from messy source data,Ingestion + cleaning + validation + storage + analytics table,Python; SQL; Data engineering; Data validation; Git,7,7,7.0,1.14,0.211,0,0,high,Insufficient technical skills,human_anchor
S005,Olivia Thompson,Strategy/Research,Market research: strong; Competitive analysis: strong; Excel: decent; SQL: beginner; Technical writing: strong; Presentation: strong; Data analysis: decent,verified:research:4; verified:research:7; resume:research:10; assessment:research:5; self:research:3,Research Assistant; Strategy Intern - GrowthBridge Consulting,8,12,Strategy; Market intelligence; Consulting; Technology research; Startups,,P003,HarborPoint Advisory,Investment Banking,Construct and defend a basic financial model from raw company information,Three-statement model + valuation + sensitivity analysis,Excel; Accounting; Financial modeling; Valuation,8,7,8.0,1.0,0.211,0,0,high,Insufficient finance evidence,human_anchor
S005,Olivia Thompson,Strategy/Research,Market research: strong; Competitive analysis: strong; Excel: decent; SQL: beginner; Technical writing: strong; Presentation: strong; Data analysis: decent,verified:research:4; verified:research:7; resume:research:10; assessment:research:5; self:research:3,Research Assistant; Strategy Intern - GrowthBridge Consulting,8,12,Strategy; Market intelligence; Consulting; Technology research; Startups,,P004,Northstar Strategy,Strategy/Research,Research a fragmented market and produce actionable strategic insight,Market map + competitor analysis + TAM/SAM/SOM + recommendation + sources,Market research; Competitive analysis; Writing; Structured thinking,6,7,6.0,1.33,1.405,1,1,high,Strongest fit,human_anchor
S005,Olivia Thompson,Strategy/Research,Market research: strong; Competitive analysis: strong; Excel: decent; SQL: beginner; Technical writing: strong; Presentation: strong; Data analysis: decent,verified:research:4; verified:research:7; resume:research:10; assessment:research:5; self:research:3,Research Assistant; Strategy Intern - GrowthBridge Consulting,8,12,Strategy; Market intelligence; Consulting; Technology research; Startups,,P005,Looply,Growth/Performance,Design and execute a low-cost consumer growth experiment,Growth hypothesis + campaign + KPI framework + analysis + next steps,Growth marketing; Analytics; Campaign design; Consumer psychology,8,14,4.0,2.0,0.703,1,1,high,Strong research and communication,human_anchor
S005,Olivia Thompson,Strategy/Research,Market research: strong; Competitive analysis: strong; Excel: decent; SQL: beginner; Technical writing: strong; Presentation: strong; Data analysis: decent,verified:research:4; verified:research:7; resume:research:10; assessment:research:5; self:research:3,Research Assistant; Strategy Intern - GrowthBridge Consulting,8,12,Strategy; Market intelligence; Consulting; Technology research; Startups,,P006,LaunchLayer,Product Engineering,Implement an ambiguous feature inside an existing codebase,React/Node feature + tests + documentation + PR-style review,JavaScript/TypeScript; React; Node.js; Git; Software engineering,8,7,8.0,1.0,0.211,0,0,high,No engineering evidence,human_anchor
S006,Lucas Johnson,Cross-functional,Python: strong; Financial modeling: strong; SQL: strong; Excel: strong; ML: decent; Data analysis: strong,resume:ml:8; resume:eng:8; resume:fin:12; resume:fin:6; self:ml:4; self:fin:4; self:research:4,Software Engineering Intern - MegaTech; IB Analyst Intern - GlobalBank; VC Intern - Horizon Ventures,10,12,AI; Venture capital; Investment banking; Startups; Quantitative finance,,P001,VisionForge AI,AI/ML,Improve an existing computer vision model and explain technical tradeoffs,PyTorch model improvement + reproducible implementation + technical memo,Python; PyTorch; Machine learning; Model evaluation; Git,8,10,5.6,1.79,0.521,1,,high,Resume suggests fit but no verified evidence,human_anchor
S006,Lucas Johnson,Cross-functional,Python: strong; Financial modeling: strong; SQL: strong; Excel: strong; ML: decent; Data analysis: strong,resume:ml:8; resume:eng:8; resume:fin:12; resume:fin:6; self:ml:4; self:fin:4; self:research:4,Software Engineering Intern - MegaTech; IB Analyst Intern - GlobalBank; VC Intern - Horizon Ventures,10,12,AI; Venture capital; Investment banking; Startups; Quantitative finance,,P002,DataStack Labs,Infrastructure/Data,Build a reliable pipeline from messy source data,Ingestion + cleaning + validation + storage + analytics table,Python; SQL; Data engineering; Data validation; Git,7,7,7.0,1.43,0.312,1,,high,Strong claimed technical skills; evidence gap,human_anchor
S006,Lucas Johnson,Cross-functional,Python: strong; Financial modeling: strong; SQL: strong; Excel: strong; ML: decent; Data analysis: strong,resume:ml:8; resume:eng:8; resume:fin:12; resume:fin:6; self:ml:4; self:fin:4; self:research:4,Software Engineering Intern - MegaTech; IB Analyst Intern - GlobalBank; VC Intern - Horizon Ventures,10,12,AI; Venture capital; Investment banking; Startups; Quantitative finance,,P003,HarborPoint Advisory,Investment Banking,Construct and defend a basic financial model from raw company information,Three-statement model + valuation + sensitivity analysis,Excel; Accounting; Financial modeling; Valuation,8,7,8.0,1.25,0.625,1,,high,Strong finance resume; verification needed,human_anchor
S006,Lucas Johnson,Cross-functional,Python: strong; Financial modeling: strong; SQL: strong; Excel: strong; ML: decent; Data analysis: strong,resume:ml:8; resume:eng:8; resume:fin:12; resume:fin:6; self:ml:4; self:fin:4; self:research:4,Software Engineering Intern - MegaTech; IB Analyst Intern - GlobalBank; VC Intern - Horizon Ventures,10,12,AI; Venture capital; Investment banking; Startups; Quantitative finance,,P004,Northstar Strategy,Strategy/Research,Research a fragmented market and produce actionable strategic insight,Market map + competitor analysis + TAM/SAM/SOM + recommendation + sources,Market research; Competitive analysis; Writing; Structured thinking,6,7,6.0,1.67,0.33,1,,high,Relevant background,human_anchor
S006,Lucas Johnson,Cross-functional,Python: strong; Financial modeling: strong; SQL: strong; Excel: strong; ML: decent; Data analysis: strong,resume:ml:8; resume:eng:8; resume:fin:12; resume:fin:6; self:ml:4; self:fin:4; self:research:4,Software Engineering Intern - MegaTech; IB Analyst Intern - GlobalBank; VC Intern - Horizon Ventures,10,12,AI; Venture capital; Investment banking; Startups; Quantitative finance,,P005,Looply,Growth/Performance,Design and execute a low-cost consumer growth experiment,Growth hypothesis + campaign + KPI framework + analysis + next steps,Growth marketing; Analytics; Campaign design; Consumer psychology,8,14,4.0,2.5,0.108,0,0,high,Weak direct marketing evidence,human_anchor
S006,Lucas Johnson,Cross-functional,Python: strong; Financial modeling: strong; SQL: strong; Excel: strong; ML: decent; Data analysis: strong,resume:ml:8; resume:eng:8; resume:fin:12; resume:fin:6; self:ml:4; self:fin:4; self:research:4,Software Engineering Intern - MegaTech; IB Analyst Intern - GlobalBank; VC Intern - Horizon Ventures,10,12,AI; Venture capital; Investment banking; Startups; Quantitative finance,,P006,LaunchLayer,Product Engineering,Implement an ambiguous feature inside an existing codebase,React/Node feature + tests + documentation + PR-style review,JavaScript/TypeScript; React; Node.js; Git; Software engineering,8,7,8.0,1.25,0.503,1,,high,Strong resume alignment; authorship uncertainty,human_anchor
S007,Ava Patel,Growth/Brand,Content creation: strong; Social media: strong; Brand strategy: strong; Copywriting: strong; Growth marketing: decent; Analytics: beginner; SQL: beginner,accepted_trial:growth:5; verified:growth:7; resume:growth:10; self:growth:5; self:growth:5,Marketing Intern - BrightLoop; Student Marketing Lead,12,14,Brand; Content; Consumer startups; Social media; Growth,,P001,VisionForge AI,AI/ML,Improve an existing computer vision model and explain technical tradeoffs,PyTorch model improvement + reproducible implementation + technical memo,Python; PyTorch; Machine learning; Model evaluation; Git,8,10,5.6,2.14,0.233,0,0,high,No relevant technical skills,human_anchor
S007,Ava Patel,Growth/Brand,Content creation: strong; Social media: strong; Brand strategy: strong; Copywriting: strong; Growth marketing: decent; Analytics: beginner; SQL: beginner,accepted_trial:growth:5; verified:growth:7; resume:growth:10; self:growth:5; self:growth:5,Marketing Intern - BrightLoop; Student Marketing Lead,12,14,Brand; Content; Consumer startups; Social media; Growth,,P002,DataStack Labs,Infrastructure/Data,Build a reliable pipeline from messy source data,Ingestion + cleaning + validation + storage + analytics table,Python; SQL; Data engineering; Data validation; Git,7,7,7.0,1.71,0.233,0,0,high,Weak data capability,human_anchor
S007,Ava Patel,Growth/Brand,Content creation: strong; Social media: strong; Brand strategy: strong; Copywriting: strong; Growth marketing: decent; Analytics: beginner; SQL: beginner,accepted_trial:growth:5; verified:growth:7; resume:growth:10; self:growth:5; self:growth:5,Marketing Intern - BrightLoop; Student Marketing Lead,12,14,Brand; Content; Consumer startups; Social media; Growth,,P003,HarborPoint Advisory,Investment Banking,Construct and defend a basic financial model from raw company information,Three-statement model + valuation + sensitivity analysis,Excel; Accounting; Financial modeling; Valuation,8,7,8.0,1.5,0.233,0,0,high,Poor fit,human_anchor
S007,Ava Patel,Growth/Brand,Content creation: strong; Social media: strong; Brand strategy: strong; Copywriting: strong; Growth marketing: decent; Analytics: beginner; SQL: beginner,accepted_trial:growth:5; verified:growth:7; resume:growth:10; self:growth:5; self:growth:5,Marketing Intern - BrightLoop; Student Marketing Lead,12,14,Brand; Content; Consumer startups; Social media; Growth,,P004,Northstar Strategy,Strategy/Research,Research a fragmented market and produce actionable strategic insight,Market map + competitor analysis + TAM/SAM/SOM + recommendation + sources,Market research; Competitive analysis; Writing; Structured thinking,6,7,6.0,2.0,0.777,1,1,high,Strong research and communication,human_anchor
S007,Ava Patel,Growth/Brand,Content creation: strong; Social media: strong; Brand strategy: strong; Copywriting: strong; Growth marketing: decent; Analytics: beginner; SQL: beginner,accepted_trial:growth:5; verified:growth:7; resume:growth:10; self:growth:5; self:growth:5,Marketing Intern - BrightLoop; Student Marketing Lead,12,14,Brand; Content; Consumer startups; Social media; Growth,,P005,Looply,Growth/Performance,Design and execute a low-cost consumer growth experiment,Growth hypothesis + campaign + KPI framework + analysis + next steps,Growth marketing; Analytics; Campaign design; Consumer psychology,8,14,4.0,3.0,1.554,1,1,high,Direct marketing evidence,human_anchor
S007,Ava Patel,Growth/Brand,Content creation: strong; Social media: strong; Brand strategy: strong; Copywriting: strong; Growth marketing: decent; Analytics: beginner; SQL: beginner,accepted_trial:growth:5; verified:growth:7; resume:growth:10; self:growth:5; self:growth:5,Marketing Intern - BrightLoop; Student Marketing Lead,12,14,Brand; Content; Consumer startups; Social media; Growth,,P006,LaunchLayer,Product Engineering,Implement an ambiguous feature inside an existing codebase,React/Node feature + tests + documentation + PR-style review,JavaScript/TypeScript; React; Node.js; Git; Software engineering,8,7,8.0,1.5,0.233,0,0,high,No engineering evidence,human_anchor
S008,Noah Kim,Finance,Excel: strong; Financial modeling: strong; Accounting: strong; Valuation: strong; Python: decent; Investment research: decent,verified:fin:5; assessment:fin:6; assessment:fin:6; resume:fin:9; self:fin:3,Finance Intern - Northstar Holdings; Student Investment Fund Analyst,8,12,Investment banking; Private equity; Asset management; Corporate finance,,P001,VisionForge AI,AI/ML,Improve an existing computer vision model and explain technical tradeoffs,PyTorch model improvement + reproducible implementation + technical memo,Python; PyTorch; Machine learning; Model evaluation; Git,8,10,5.6,1.43,0.19,0,0,high,Insufficient ML evidence,human_anchor
S008,Noah Kim,Finance,Excel: strong; Financial modeling: strong; Accounting: strong; Valuation: strong; Python: decent; Investment research: decent,verified:fin:5; assessment:fin:6; assessment:fin:6; resume:fin:9; self:fin:3,Finance Intern - Northstar Holdings; Student Investment Fund Analyst,8,12,Investment banking; Private equity; Asset management; Corporate finance,,P002,DataStack Labs,Infrastructure/Data,Build a reliable pipeline from messy source data,Ingestion + cleaning + validation + storage + analytics table,Python; SQL; Data engineering; Data validation; Git,7,7,7.0,1.14,0.19,1,1,high,Strong analytical/technical overlap,human_anchor
S008,Noah Kim,Finance,Excel: strong; Financial modeling: strong; Accounting: strong; Valuation: strong; Python: decent; Investment research: decent,verified:fin:5; assessment:fin:6; assessment:fin:6; resume:fin:9; self:fin:3,Finance Intern - Northstar Holdings; Student Investment Fund Analyst,8,12,Investment banking; Private equity; Asset management; Corporate finance,,P003,HarborPoint Advisory,Investment Banking,Construct and defend a basic financial model from raw company information,Three-statement model + valuation + sensitivity analysis,Excel; Accounting; Financial modeling; Valuation,8,7,8.0,1.0,1.268,1,1,high,Strong direct fit,human_anchor
S008,Noah Kim,Finance,Excel: strong; Financial modeling: strong; Accounting: strong; Valuation: strong; Python: decent; Investment research: decent,verified:fin:5; assessment:fin:6; assessment:fin:6; resume:fin:9; self:fin:3,Finance Intern - Northstar Holdings; Student Investment Fund Analyst,8,12,Investment banking; Private equity; Asset management; Corporate finance,,P004,Northstar Strategy,Strategy/Research,Research a fragmented market and produce actionable strategic insight,Market map + competitor analysis + TAM/SAM/SOM + recommendation + sources,Market research; Competitive analysis; Writing; Structured thinking,6,7,6.0,1.33,0.634,1,1,high,Strong analytical ability,human_anchor
S008,Noah Kim,Finance,Excel: strong; Financial modeling: strong; Accounting: strong; Valuation: strong; Python: decent; Investment research: decent,verified:fin:5; assessment:fin:6; assessment:fin:6; resume:fin:9; self:fin:3,Finance Intern - Northstar Holdings; Student Investment Fund Analyst,8,12,Investment banking; Private equity; Asset management; Corporate finance,,P005,Looply,Growth/Performance,Design and execute a low-cost consumer growth experiment,Growth hypothesis + campaign + KPI framework + analysis + next steps,Growth marketing; Analytics; Campaign design; Consumer psychology,8,14,4.0,2.0,0.19,0,0,high,Poor fit,human_anchor
S008,Noah Kim,Finance,Excel: strong; Financial modeling: strong; Accounting: strong; Valuation: strong; Python: decent; Investment research: decent,verified:fin:5; assessment:fin:6; assessment:fin:6; resume:fin:9; self:fin:3,Finance Intern - Northstar Holdings; Student Investment Fund Analyst,8,12,Investment banking; Private equity; Asset management; Corporate finance,,P006,LaunchLayer,Product Engineering,Implement an ambiguous feature inside an existing codebase,React/Node feature + tests + documentation + PR-style review,JavaScript/TypeScript; React; Node.js; Git; Software engineering,8,7,8.0,1.0,0.19,0,0,high,Insufficient engineering evidence,human_anchor
S009,Grace Lee,Data/Research,Python: decent; Data analysis: decent; Excel: decent; SQL: beginner; Research: strong; Communication: strong,accepted_trial:data:3; verified:research:6; self:data:5,Independent project contributor; University research project,10,12,Data analytics; AI; Research; Startups,,P001,VisionForge AI,AI/ML,Improve an existing computer vision model and explain technical tradeoffs,PyTorch model improvement + reproducible implementation + technical memo,Python; PyTorch; Machine learning; Model evaluation; Git,8,10,5.6,1.79,0.584,0,0,high,Insufficient ML evidence,human_anchor
S009,Grace Lee,Data/Research,Python: decent; Data analysis: decent; Excel: decent; SQL: beginner; Research: strong; Communication: strong,accepted_trial:data:3; verified:research:6; self:data:5,Independent project contributor; University research project,10,12,Data analytics; AI; Research; Startups,,P002,DataStack Labs,Infrastructure/Data,Build a reliable pipeline from messy source data,Ingestion + cleaning + validation + storage + analytics table,Python; SQL; Data engineering; Data validation; Git,7,7,7.0,1.43,1.102,1,1,high,Accepted data-analysis trial is strong evidence,human_anchor
S009,Grace Lee,Data/Research,Python: decent; Data analysis: decent; Excel: decent; SQL: beginner; Research: strong; Communication: strong,accepted_trial:data:3; verified:research:6; self:data:5,Independent project contributor; University research project,10,12,Data analytics; AI; Research; Startups,,P003,HarborPoint Advisory,Investment Banking,Construct and defend a basic financial model from raw company information,Three-statement model + valuation + sensitivity analysis,Excel; Accounting; Financial modeling; Valuation,8,7,8.0,1.25,0.221,0,0,high,Poor fit,human_anchor
S009,Grace Lee,Data/Research,Python: decent; Data analysis: decent; Excel: decent; SQL: beginner; Research: strong; Communication: strong,accepted_trial:data:3; verified:research:6; self:data:5,Independent project contributor; University research project,10,12,Data analytics; AI; Research; Startups,,P004,Northstar Strategy,Strategy/Research,Research a fragmented market and produce actionable strategic insight,Market map + competitor analysis + TAM/SAM/SOM + recommendation + sources,Market research; Competitive analysis; Writing; Structured thinking,6,7,6.0,1.67,0.888,1,1,high,Strong research and demonstrated work,human_anchor
S009,Grace Lee,Data/Research,Python: decent; Data analysis: decent; Excel: decent; SQL: beginner; Research: strong; Communication: strong,accepted_trial:data:3; verified:research:6; self:data:5,Independent project contributor; University research project,10,12,Data analytics; AI; Research; Startups,,P005,Looply,Growth/Performance,Design and execute a low-cost consumer growth experiment,Growth hypothesis + campaign + KPI framework + analysis + next steps,Growth marketing; Analytics; Campaign design; Consumer psychology,8,14,4.0,2.5,0.488,0,0,high,Limited growth evidence,human_anchor
S009,Grace Lee,Data/Research,Python: decent; Data analysis: decent; Excel: decent; SQL: beginner; Research: strong; Communication: strong,accepted_trial:data:3; verified:research:6; self:data:5,Independent project contributor; University research project,10,12,Data analytics; AI; Research; Startups,,P006,LaunchLayer,Product Engineering,Implement an ambiguous feature inside an existing codebase,React/Node feature + tests + documentation + PR-style review,JavaScript/TypeScript; React; Node.js; Git; Software engineering,8,7,8.0,1.25,0.584,0,0,high,Insufficient engineering evidence,human_anchor
S010,James Carter,Accounting/Finance,Financial modeling: strong; Accounting: strong; Excel: strong; PowerPoint: strong; Research: strong; Python: beginner,verified:fin:6; assessment:fin:7; assessment:fin:7; resume:fin:11; self:research:4,Audit Intern - Big Four Firm; Accounting Assistant,8,12,Accounting; Investment banking; Corporate finance; Startups,,P001,VisionForge AI,AI/ML,Improve an existing computer vision model and explain technical tradeoffs,PyTorch model improvement + reproducible implementation + technical memo,Python; PyTorch; Machine learning; Model evaluation; Git,8,10,5.6,1.43,0.19,0,0,high,No ML evidence,human_anchor
S010,James Carter,Accounting/Finance,Financial modeling: strong; Accounting: strong; Excel: strong; PowerPoint: strong; Research: strong; Python: beginner,verified:fin:6; assessment:fin:7; assessment:fin:7; resume:fin:11; self:research:4,Audit Intern - Big Four Firm; Accounting Assistant,8,12,Accounting; Investment banking; Corporate finance; Startups,,P002,DataStack Labs,Infrastructure/Data,Build a reliable pipeline from messy source data,Ingestion + cleaning + validation + storage + analytics table,Python; SQL; Data engineering; Data validation; Git,7,7,7.0,1.14,0.19,0,0,high,Limited technical evidence,human_anchor
S010,James Carter,Accounting/Finance,Financial modeling: strong; Accounting: strong; Excel: strong; PowerPoint: strong; Research: strong; Python: beginner,verified:fin:6; assessment:fin:7; assessment:fin:7; resume:fin:11; self:research:4,Audit Intern - Big Four Firm; Accounting Assistant,8,12,Accounting; Investment banking; Corporate finance; Startups,,P003,HarborPoint Advisory,Investment Banking,Construct and defend a basic financial model from raw company information,Three-statement model + valuation + sensitivity analysis,Excel; Accounting; Financial modeling; Valuation,8,7,8.0,1.0,1.268,1,1,high,Strongest fit,human_anchor
S010,James Carter,Accounting/Finance,Financial modeling: strong; Accounting: strong; Excel: strong; PowerPoint: strong; Research: strong; Python: beginner,verified:fin:6; assessment:fin:7; assessment:fin:7; resume:fin:11; self:research:4,Audit Intern - Big Four Firm; Accounting Assistant,8,12,Accounting; Investment banking; Corporate finance; Startups,,P004,Northstar Strategy,Strategy/Research,Research a fragmented market and produce actionable strategic insight,Market map + competitor analysis + TAM/SAM/SOM + recommendation + sources,Market research; Competitive analysis; Writing; Structured thinking,6,7,6.0,1.33,0.634,1,1,high,Strong analytical fit,human_anchor
S010,James Carter,Accounting/Finance,Financial modeling: strong; Accounting: strong; Excel: strong; PowerPoint: strong; Research: strong; Python: beginner,verified:fin:6; assessment:fin:7; assessment:fin:7; resume:fin:11; self:research:4,Audit Intern - Big Four Firm; Accounting Assistant,8,12,Accounting; Investment banking; Corporate finance; Startups,,P005,Looply,Growth/Performance,Design and execute a low-cost consumer growth experiment,Growth hypothesis + campaign + KPI framework + analysis + next steps,Growth marketing; Analytics; Campaign design; Consumer psychology,8,14,4.0,2.0,0.19,0,0,high,Weak fit,human_anchor
S010,James Carter,Accounting/Finance,Financial modeling: strong; Accounting: strong; Excel: strong; PowerPoint: strong; Research: strong; Python: beginner,verified:fin:6; assessment:fin:7; assessment:fin:7; resume:fin:11; self:research:4,Audit Intern - Big Four Firm; Accounting Assistant,8,12,Accounting; Investment banking; Corporate finance; Startups,,P006,LaunchLayer,Product Engineering,Implement an ambiguous feature inside an existing codebase,React/Node feature + tests + documentation + PR-style review,JavaScript/TypeScript; React; Node.js; Git; Software engineering,8,7,8.0,1.0,0.19,0,0,high,No engineering evidence,human_anchor
S011,Priya Shah,AI/Data,Python: strong; SQL: strong; pandas: strong; scikit-learn: strong; PyTorch: decent; Statistics: strong; MLOps: beginner,verified:ml:5; assessment:ml:6; assessment:data:6; resume:ml:8,Data Science Research Assistant,12,14,Machine learning; Data science; Forecasting; AI startups,,P001,VisionForge AI,AI/ML,Improve an existing computer vision model and explain technical tradeoffs,PyTorch model improvement + reproducible implementation + technical memo,Python; PyTorch; Machine learning; Model evaluation; Git,8,10,5.6,2.14,1.216,1,1,high,Reviewed evidence and aligned interest predict an eager repeat,rubric_engine
S011,Priya Shah,AI/Data,Python: strong; SQL: strong; pandas: strong; scikit-learn: strong; PyTorch: decent; Statistics: strong; MLOps: beginner,verified:ml:5; assessment:ml:6; assessment:data:6; resume:ml:8,Data Science Research Assistant,12,14,Machine learning; Data science; Forecasting; AI startups,,P002,DataStack Labs,Infrastructure/Data,Build a reliable pipeline from messy source data,Ingestion + cleaning + validation + storage + analytics table,Python; SQL; Data engineering; Data validation; Git,7,7,7.0,1.71,0.853,1,1,medium,Reviewed evidence and aligned interest predict an eager repeat,rubric_engine
S011,Priya Shah,AI/Data,Python: strong; SQL: strong; pandas: strong; scikit-learn: strong; PyTorch: decent; Statistics: strong; MLOps: beginner,verified:ml:5; assessment:ml:6; assessment:data:6; resume:ml:8,Data Science Research Assistant,12,14,Machine learning; Data science; Forecasting; AI startups,,P003,HarborPoint Advisory,Investment Banking,Construct and defend a basic financial model from raw company information,Three-statement model + valuation + sensitivity analysis,Excel; Accounting; Financial modeling; Valuation,8,7,8.0,1.5,0.19,0,0,medium,No evidence in this domain; capability does not transfer,rubric_engine
S011,Priya Shah,AI/Data,Python: strong; SQL: strong; pandas: strong; scikit-learn: strong; PyTorch: decent; Statistics: strong; MLOps: beginner,verified:ml:5; assessment:ml:6; assessment:data:6; resume:ml:8,Data Science Research Assistant,12,14,Machine learning; Data science; Forecasting; AI startups,,P004,Northstar Strategy,Strategy/Research,Research a fragmented market and produce actionable strategic insight,Market map + competitor analysis + TAM/SAM/SOM + recommendation + sources,Market research; Competitive analysis; Writing; Structured thinking,6,7,6.0,2.0,0.19,0,0,medium,No evidence in this domain; capability does not transfer,rubric_engine
S011,Priya Shah,AI/Data,Python: strong; SQL: strong; pandas: strong; scikit-learn: strong; PyTorch: decent; Statistics: strong; MLOps: beginner,verified:ml:5; assessment:ml:6; assessment:data:6; resume:ml:8,Data Science Research Assistant,12,14,Machine learning; Data science; Forecasting; AI startups,,P005,Looply,Growth/Performance,Design and execute a low-cost consumer growth experiment,Growth hypothesis + campaign + KPI framework + analysis + next steps,Growth marketing; Analytics; Campaign design; Consumer psychology,8,14,4.0,3.0,0.19,0,0,medium,No evidence in this domain; capability does not transfer,rubric_engine
S011,Priya Shah,AI/Data,Python: strong; SQL: strong; pandas: strong; scikit-learn: strong; PyTorch: decent; Statistics: strong; MLOps: beginner,verified:ml:5; assessment:ml:6; assessment:data:6; resume:ml:8,Data Science Research Assistant,12,14,Machine learning; Data science; Forecasting; AI startups,,P006,LaunchLayer,Product Engineering,Implement an ambiguous feature inside an existing codebase,React/Node feature + tests + documentation + PR-style review,JavaScript/TypeScript; React; Node.js; Git; Software engineering,8,7,8.0,1.5,0.634,1,0,medium,"Solid verified fit but not exceptional; likely fine, not eager",rubric_engine
S012,Marcus Reed,Security,Python: decent; Linux: strong; Networking: strong; Cybersecurity: strong; Cloud: decent; SQL: beginner,assessment:eng:8; verified:eng:10; resume:eng:14; self:eng:6,IT Support Intern - Metro Systems; Cybersecurity Club Lead,8,12,Cybersecurity; Cloud security; Infrastructure; DevSecOps,,P001,VisionForge AI,AI/ML,Improve an existing computer vision model and explain technical tradeoffs,PyTorch model improvement + reproducible implementation + technical memo,Python; PyTorch; Machine learning; Model evaluation; Git,8,10,5.6,1.43,0.608,1,0,medium,"Solid verified fit but not exceptional; likely fine, not eager",rubric_engine
S012,Marcus Reed,Security,Python: decent; Linux: strong; Networking: strong; Cybersecurity: strong; Cloud: decent; SQL: beginner,assessment:eng:8; verified:eng:10; resume:eng:14; self:eng:6,IT Support Intern - Metro Systems; Cybersecurity Club Lead,8,12,Cybersecurity; Cloud security; Infrastructure; DevSecOps,,P002,DataStack Labs,Infrastructure/Data,Build a reliable pipeline from messy source data,Ingestion + cleaning + validation + storage + analytics table,Python; SQL; Data engineering; Data validation; Git,7,7,7.0,1.14,0.608,1,0,medium,"Solid verified fit but not exceptional; likely fine, not eager",rubric_engine
S012,Marcus Reed,Security,Python: decent; Linux: strong; Networking: strong; Cybersecurity: strong; Cloud: decent; SQL: beginner,assessment:eng:8; verified:eng:10; resume:eng:14; self:eng:6,IT Support Intern - Metro Systems; Cybersecurity Club Lead,8,12,Cybersecurity; Cloud security; Infrastructure; DevSecOps,,P003,HarborPoint Advisory,Investment Banking,Construct and defend a basic financial model from raw company information,Three-statement model + valuation + sensitivity analysis,Excel; Accounting; Financial modeling; Valuation,8,7,8.0,1.0,0.182,0,0,medium,No evidence in this domain; capability does not transfer,rubric_engine
S012,Marcus Reed,Security,Python: decent; Linux: strong; Networking: strong; Cybersecurity: strong; Cloud: decent; SQL: beginner,assessment:eng:8; verified:eng:10; resume:eng:14; self:eng:6,IT Support Intern - Metro Systems; Cybersecurity Club Lead,8,12,Cybersecurity; Cloud security; Infrastructure; DevSecOps,,P004,Northstar Strategy,Strategy/Research,Research a fragmented market and produce actionable strategic insight,Market map + competitor analysis + TAM/SAM/SOM + recommendation + sources,Market research; Competitive analysis; Writing; Structured thinking,6,7,6.0,1.33,0.182,0,0,medium,No evidence in this domain; capability does not transfer,rubric_engine
S012,Marcus Reed,Security,Python: decent; Linux: strong; Networking: strong; Cybersecurity: strong; Cloud: decent; SQL: beginner,assessment:eng:8; verified:eng:10; resume:eng:14; self:eng:6,IT Support Intern - Metro Systems; Cybersecurity Club Lead,8,12,Cybersecurity; Cloud security; Infrastructure; DevSecOps,,P005,Looply,Growth/Performance,Design and execute a low-cost consumer growth experiment,Growth hypothesis + campaign + KPI framework + analysis + next steps,Growth marketing; Analytics; Campaign design; Consumer psychology,8,14,4.0,2.0,0.182,0,0,medium,No evidence in this domain; capability does not transfer,rubric_engine
S012,Marcus Reed,Security,Python: decent; Linux: strong; Networking: strong; Cybersecurity: strong; Cloud: decent; SQL: beginner,assessment:eng:8; verified:eng:10; resume:eng:14; self:eng:6,IT Support Intern - Metro Systems; Cybersecurity Club Lead,8,12,Cybersecurity; Cloud security; Infrastructure; DevSecOps,,P006,LaunchLayer,Product Engineering,Implement an ambiguous feature inside an existing codebase,React/Node feature + tests + documentation + PR-style review,JavaScript/TypeScript; React; Node.js; Git; Software engineering,8,7,8.0,1.0,1.216,1,1,high,Reviewed evidence and aligned interest predict an eager repeat,rubric_engine
S013,Emily Nguyen,UX/Product,Figma: strong; UX research: strong; Product strategy: decent; SQL: beginner; HTML/CSS: decent; User interviews: strong,verified:growth:6; verified:growth:9; resume:growth:11,Product Design Intern - Northstar Apps; Design Lab,10,12,Product design; UX research; Consumer apps; Startups,,P001,VisionForge AI,AI/ML,Improve an existing computer vision model and explain technical tradeoffs,PyTorch model improvement + reproducible implementation + technical memo,Python; PyTorch; Machine learning; Model evaluation; Git,8,10,5.6,1.79,0.203,0,0,medium,No evidence in this domain; capability does not transfer,rubric_engine
S013,Emily Nguyen,UX/Product,Figma: strong; UX research: strong; Product strategy: decent; SQL: beginner; HTML/CSS: decent; User interviews: strong,verified:growth:6; verified:growth:9; resume:growth:11,Product Design Intern - Northstar Apps; Design Lab,10,12,Product design; UX research; Consumer apps; Startups,,P002,DataStack Labs,Infrastructure/Data,Build a reliable pipeline from messy source data,Ingestion + cleaning + validation + storage + analytics table,Python; SQL; Data engineering; Data validation; Git,7,7,7.0,1.43,0.203,0,0,medium,No evidence in this domain; capability does not transfer,rubric_engine
S013,Emily Nguyen,UX/Product,Figma: strong; UX research: strong; Product strategy: decent; SQL: beginner; HTML/CSS: decent; User interviews: strong,verified:growth:6; verified:growth:9; resume:growth:11,Product Design Intern - Northstar Apps; Design Lab,10,12,Product design; UX research; Consumer apps; Startups,,P003,HarborPoint Advisory,Investment Banking,Construct and defend a basic financial model from raw company information,Three-statement model + valuation + sensitivity analysis,Excel; Accounting; Financial modeling; Valuation,8,7,8.0,1.25,0.203,0,0,medium,No evidence in this domain; capability does not transfer,rubric_engine
S013,Emily Nguyen,UX/Product,Figma: strong; UX research: strong; Product strategy: decent; SQL: beginner; HTML/CSS: decent; User interviews: strong,verified:growth:6; verified:growth:9; resume:growth:11,Product Design Intern - Northstar Apps; Design Lab,10,12,Product design; UX research; Consumer apps; Startups,,P004,Northstar Strategy,Strategy/Research,Research a fragmented market and produce actionable strategic insight,Market map + competitor analysis + TAM/SAM/SOM + recommendation + sources,Market research; Competitive analysis; Writing; Structured thinking,6,7,6.0,1.67,0.677,1,0,medium,"Solid verified fit but not exceptional; likely fine, not eager",rubric_engine
S013,Emily Nguyen,UX/Product,Figma: strong; UX research: strong; Product strategy: decent; SQL: beginner; HTML/CSS: decent; User interviews: strong,verified:growth:6; verified:growth:9; resume:growth:11,Product Design Intern - Northstar Apps; Design Lab,10,12,Product design; UX research; Consumer apps; Startups,,P005,Looply,Growth/Performance,Design and execute a low-cost consumer growth experiment,Growth hypothesis + campaign + KPI framework + analysis + next steps,Growth marketing; Analytics; Campaign design; Consumer psychology,8,14,4.0,2.5,1.354,1,1,high,Reviewed evidence and aligned interest predict an eager repeat,rubric_engine
S013,Emily Nguyen,UX/Product,Figma: strong; UX research: strong; Product strategy: decent; SQL: beginner; HTML/CSS: decent; User interviews: strong,verified:growth:6; verified:growth:9; resume:growth:11,Product Design Intern - Northstar Apps; Design Lab,10,12,Product design; UX research; Consumer apps; Startups,,P006,LaunchLayer,Product Engineering,Implement an ambiguous feature inside an existing codebase,React/Node feature + tests + documentation + PR-style review,JavaScript/TypeScript; React; Node.js; Git; Software engineering,8,7,8.0,1.25,0.203,0,0,medium,No evidence in this domain; capability does not transfer,rubric_engine
S014,Jackson Miller,Operations,Excel: strong; SQL: decent; Process improvement: strong; Data analysis: decent; Project management: strong,verified:data:7; assessment:data:8; resume:data:12; self:data:5,Operations Intern - SupplyWorks; Student Operations Lead,10,12,Operations; Supply chain; Analytics; Startups,,P001,VisionForge AI,AI/ML,Improve an existing computer vision model and explain technical tradeoffs,PyTorch model improvement + reproducible implementation + technical memo,Python; PyTorch; Machine learning; Model evaluation; Git,8,10,5.6,1.79,0.608,1,0,medium,"Solid verified fit but not exceptional; likely fine, not eager",rubric_engine
S014,Jackson Miller,Operations,Excel: strong; SQL: decent; Process improvement: strong; Data analysis: decent; Project management: strong,verified:data:7; assessment:data:8; resume:data:12; self:data:5,Operations Intern - SupplyWorks; Student Operations Lead,10,12,Operations; Supply chain; Analytics; Startups,,P002,DataStack Labs,Infrastructure/Data,Build a reliable pipeline from messy source data,Ingestion + cleaning + validation + storage + analytics table,Python; SQL; Data engineering; Data validation; Git,7,7,7.0,1.43,1.216,1,1,high,Reviewed evidence and aligned interest predict an eager repeat,rubric_engine
S014,Jackson Miller,Operations,Excel: strong; SQL: decent; Process improvement: strong; Data analysis: decent; Project management: strong,verified:data:7; assessment:data:8; resume:data:12; self:data:5,Operations Intern - SupplyWorks; Student Operations Lead,10,12,Operations; Supply chain; Analytics; Startups,,P003,HarborPoint Advisory,Investment Banking,Construct and defend a basic financial model from raw company information,Three-statement model + valuation + sensitivity analysis,Excel; Accounting; Financial modeling; Valuation,8,7,8.0,1.25,0.182,0,0,medium,No evidence in this domain; capability does not transfer,rubric_engine
S014,Jackson Miller,Operations,Excel: strong; SQL: decent; Process improvement: strong; Data analysis: decent; Project management: strong,verified:data:7; assessment:data:8; resume:data:12; self:data:5,Operations Intern - SupplyWorks; Student Operations Lead,10,12,Operations; Supply chain; Analytics; Startups,,P004,Northstar Strategy,Strategy/Research,Research a fragmented market and produce actionable strategic insight,Market map + competitor analysis + TAM/SAM/SOM + recommendation + sources,Market research; Competitive analysis; Writing; Structured thinking,6,7,6.0,1.67,0.182,0,0,medium,No evidence in this domain; capability does not transfer,rubric_engine
S014,Jackson Miller,Operations,Excel: strong; SQL: decent; Process improvement: strong; Data analysis: decent; Project management: strong,verified:data:7; assessment:data:8; resume:data:12; self:data:5,Operations Intern - SupplyWorks; Student Operations Lead,10,12,Operations; Supply chain; Analytics; Startups,,P005,Looply,Growth/Performance,Design and execute a low-cost consumer growth experiment,Growth hypothesis + campaign + KPI framework + analysis + next steps,Growth marketing; Analytics; Campaign design; Consumer psychology,8,14,4.0,2.5,0.182,0,0,medium,No evidence in this domain; capability does not transfer,rubric_engine
S014,Jackson Miller,Operations,Excel: strong; SQL: decent; Process improvement: strong; Data analysis: decent; Project management: strong,verified:data:7; assessment:data:8; resume:data:12; self:data:5,Operations Intern - SupplyWorks; Student Operations Lead,10,12,Operations; Supply chain; Analytics; Startups,,P006,LaunchLayer,Product Engineering,Implement an ambiguous feature inside an existing codebase,React/Node feature + tests + documentation + PR-style review,JavaScript/TypeScript; React; Node.js; Git; Software engineering,8,7,8.0,1.25,0.608,1,0,medium,"Solid verified fit but not exceptional; likely fine, not eager",rubric_engine
S015,Sophia Brown,Technical Writing,Technical writing: strong; Documentation: strong; Python: decent; Git: decent; API concepts: decent,verified:eng:7; verified:eng:10; resume:eng:12,Technical Writing Intern - DevTools Co.; Open-source documentation contributor,8,12,Technical writing; Developer tools; AI; Software,,P001,VisionForge AI,AI/ML,Improve an existing computer vision model and explain technical tradeoffs,PyTorch model improvement + reproducible implementation + technical memo,Python; PyTorch; Machine learning; Model evaluation; Git,8,10,5.6,1.43,0.677,1,0,medium,"Solid verified fit but not exceptional; likely fine, not eager",rubric_engine
S015,Sophia Brown,Technical Writing,Technical writing: strong; Documentation: strong; Python: decent; Git: decent; API concepts: decent,verified:eng:7; verified:eng:10; resume:eng:12,Technical Writing Intern - DevTools Co.; Open-source documentation contributor,8,12,Technical writing; Developer tools; AI; Software,,P002,DataStack Labs,Infrastructure/Data,Build a reliable pipeline from messy source data,Ingestion + cleaning + validation + storage + analytics table,Python; SQL; Data engineering; Data validation; Git,7,7,7.0,1.14,0.677,1,0,medium,"Solid verified fit but not exceptional; likely fine, not eager",rubric_engine
S015,Sophia Brown,Technical Writing,Technical writing: strong; Documentation: strong; Python: decent; Git: decent; API concepts: decent,verified:eng:7; verified:eng:10; resume:eng:12,Technical Writing Intern - DevTools Co.; Open-source documentation contributor,8,12,Technical writing; Developer tools; AI; Software,,P003,HarborPoint Advisory,Investment Banking,Construct and defend a basic financial model from raw company information,Three-statement model + valuation + sensitivity analysis,Excel; Accounting; Financial modeling; Valuation,8,7,8.0,1.0,0.203,0,0,medium,No evidence in this domain; capability does not transfer,rubric_engine
S015,Sophia Brown,Technical Writing,Technical writing: strong; Documentation: strong; Python: decent; Git: decent; API concepts: decent,verified:eng:7; verified:eng:10; resume:eng:12,Technical Writing Intern - DevTools Co.; Open-source documentation contributor,8,12,Technical writing; Developer tools; AI; Software,,P004,Northstar Strategy,Strategy/Research,Research a fragmented market and produce actionable strategic insight,Market map + competitor analysis + TAM/SAM/SOM + recommendation + sources,Market research; Competitive analysis; Writing; Structured thinking,6,7,6.0,1.33,0.203,0,0,medium,No evidence in this domain; capability does not transfer,rubric_engine
S015,Sophia Brown,Technical Writing,Technical writing: strong; Documentation: strong; Python: decent; Git: decent; API concepts: decent,verified:eng:7; verified:eng:10; resume:eng:12,Technical Writing Intern - DevTools Co.; Open-source documentation contributor,8,12,Technical writing; Developer tools; AI; Software,,P005,Looply,Growth/Performance,Design and execute a low-cost consumer growth experiment,Growth hypothesis + campaign + KPI framework + analysis + next steps,Growth marketing; Analytics; Campaign design; Consumer psychology,8,14,4.0,2.0,0.203,0,0,medium,No evidence in this domain; capability does not transfer,rubric_engine
S015,Sophia Brown,Technical Writing,Technical writing: strong; Documentation: strong; Python: decent; Git: decent; API concepts: decent,verified:eng:7; verified:eng:10; resume:eng:12,Technical Writing Intern - DevTools Co.; Open-source documentation contributor,8,12,Technical writing; Developer tools; AI; Software,,P006,LaunchLayer,Product Engineering,Implement an ambiguous feature inside an existing codebase,React/Node feature + tests + documentation + PR-style review,JavaScript/TypeScript; React; Node.js; Git; Software engineering,8,7,8.0,1.0,1.354,1,1,high,Reviewed evidence and aligned interest predict an eager repeat,rubric_engine
S016,Ryan Wilson,Ecommerce/Growth,Shopify: strong; Google Analytics: strong; Paid ads: decent; Copywriting: decent; Excel: decent,verified:growth:6; self:growth:4; resume:growth:10,Ecommerce Intern - MarketHouse; Independent online store operator,12,14,Ecommerce; Growth; Consumer startups; Marketplace,,P001,VisionForge AI,AI/ML,Improve an existing computer vision model and explain technical tradeoffs,PyTorch model improvement + reproducible implementation + technical memo,Python; PyTorch; Machine learning; Model evaluation; Git,8,10,5.6,2.14,0.157,0,0,high,No evidence in this domain; capability does not transfer,rubric_engine
S016,Ryan Wilson,Ecommerce/Growth,Shopify: strong; Google Analytics: strong; Paid ads: decent; Copywriting: decent; Excel: decent,verified:growth:6; self:growth:4; resume:growth:10,Ecommerce Intern - MarketHouse; Independent online store operator,12,14,Ecommerce; Growth; Consumer startups; Marketplace,,P002,DataStack Labs,Infrastructure/Data,Build a reliable pipeline from messy source data,Ingestion + cleaning + validation + storage + analytics table,Python; SQL; Data engineering; Data validation; Git,7,7,7.0,1.71,0.157,0,0,high,No evidence in this domain; capability does not transfer,rubric_engine
S016,Ryan Wilson,Ecommerce/Growth,Shopify: strong; Google Analytics: strong; Paid ads: decent; Copywriting: decent; Excel: decent,verified:growth:6; self:growth:4; resume:growth:10,Ecommerce Intern - MarketHouse; Independent online store operator,12,14,Ecommerce; Growth; Consumer startups; Marketplace,,P003,HarborPoint Advisory,Investment Banking,Construct and defend a basic financial model from raw company information,Three-statement model + valuation + sensitivity analysis,Excel; Accounting; Financial modeling; Valuation,8,7,8.0,1.5,0.157,0,0,high,No evidence in this domain; capability does not transfer,rubric_engine
S016,Ryan Wilson,Ecommerce/Growth,Shopify: strong; Google Analytics: strong; Paid ads: decent; Copywriting: decent; Excel: decent,verified:growth:6; self:growth:4; resume:growth:10,Ecommerce Intern - MarketHouse; Independent online store operator,12,14,Ecommerce; Growth; Consumer startups; Marketplace,,P004,Northstar Strategy,Strategy/Research,Research a fragmented market and produce actionable strategic insight,Market map + competitor analysis + TAM/SAM/SOM + recommendation + sources,Market research; Competitive analysis; Writing; Structured thinking,6,7,6.0,2.0,0.523,0,0,low,Adjacent evidence only; nothing proves this specific deliverable,rubric_engine
S016,Ryan Wilson,Ecommerce/Growth,Shopify: strong; Google Analytics: strong; Paid ads: decent; Copywriting: decent; Excel: decent,verified:growth:6; self:growth:4; resume:growth:10,Ecommerce Intern - MarketHouse; Independent online store operator,12,14,Ecommerce; Growth; Consumer startups; Marketplace,,P005,Looply,Growth/Performance,Design and execute a low-cost consumer growth experiment,Growth hypothesis + campaign + KPI framework + analysis + next steps,Growth marketing; Analytics; Campaign design; Consumer psychology,8,14,4.0,3.0,1.045,1,1,high,Reviewed evidence and aligned interest predict an eager repeat,rubric_engine
S016,Ryan Wilson,Ecommerce/Growth,Shopify: strong; Google Analytics: strong; Paid ads: decent; Copywriting: decent; Excel: decent,verified:growth:6; self:growth:4; resume:growth:10,Ecommerce Intern - MarketHouse; Independent online store operator,12,14,Ecommerce; Growth; Consumer startups; Marketplace,,P006,LaunchLayer,Product Engineering,Implement an ambiguous feature inside an existing codebase,React/Node feature + tests + documentation + PR-style review,JavaScript/TypeScript; React; Node.js; Git; Software engineering,8,7,8.0,1.5,0.157,0,0,high,No evidence in this domain; capability does not transfer,rubric_engine
S017,Isabella Garcia,Venture Capital,Market research: strong; Financial analysis: decent; Startup evaluation: strong; Writing: strong; Excel: decent,verified:fin:6; verified:research:6; assessment:research:7; resume:fin:9,VC Scout - EarlyStage Network; University Venture Fund Analyst,8,12,Venture capital; Startups; Market intelligence; AI,,P001,VisionForge AI,AI/ML,Improve an existing computer vision model and explain technical tradeoffs,PyTorch model improvement + reproducible implementation + technical memo,Python; PyTorch; Machine learning; Model evaluation; Git,8,10,5.6,1.43,0.211,0,0,medium,No evidence in this domain; capability does not transfer,rubric_engine
S017,Isabella Garcia,Venture Capital,Market research: strong; Financial analysis: decent; Startup evaluation: strong; Writing: strong; Excel: decent,verified:fin:6; verified:research:6; assessment:research:7; resume:fin:9,VC Scout - EarlyStage Network; University Venture Fund Analyst,8,12,Venture capital; Startups; Market intelligence; AI,,P002,DataStack Labs,Infrastructure/Data,Build a reliable pipeline from messy source data,Ingestion + cleaning + validation + storage + analytics table,Python; SQL; Data engineering; Data validation; Git,7,7,7.0,1.14,0.211,0,0,medium,No evidence in this domain; capability does not transfer,rubric_engine
S017,Isabella Garcia,Venture Capital,Market research: strong; Financial analysis: decent; Startup evaluation: strong; Writing: strong; Excel: decent,verified:fin:6; verified:research:6; assessment:research:7; resume:fin:9,VC Scout - EarlyStage Network; University Venture Fund Analyst,8,12,Venture capital; Startups; Market intelligence; AI,,P003,HarborPoint Advisory,Investment Banking,Construct and defend a basic financial model from raw company information,Three-statement model + valuation + sensitivity analysis,Excel; Accounting; Financial modeling; Valuation,8,7,8.0,1.0,1.045,1,1,high,Reviewed evidence and aligned interest predict an eager repeat,rubric_engine
S017,Isabella Garcia,Venture Capital,Market research: strong; Financial analysis: decent; Startup evaluation: strong; Writing: strong; Excel: decent,verified:fin:6; verified:research:6; assessment:research:7; resume:fin:9,VC Scout - EarlyStage Network; University Venture Fund Analyst,8,12,Venture capital; Startups; Market intelligence; AI,,P004,Northstar Strategy,Strategy/Research,Research a fragmented market and produce actionable strategic insight,Market map + competitor analysis + TAM/SAM/SOM + recommendation + sources,Market research; Competitive analysis; Writing; Structured thinking,6,7,6.0,1.33,1.223,1,1,high,Reviewed evidence and aligned interest predict an eager repeat,rubric_engine
S017,Isabella Garcia,Venture Capital,Market research: strong; Financial analysis: decent; Startup evaluation: strong; Writing: strong; Excel: decent,verified:fin:6; verified:research:6; assessment:research:7; resume:fin:9,VC Scout - EarlyStage Network; University Venture Fund Analyst,8,12,Venture capital; Startups; Market intelligence; AI,,P005,Looply,Growth/Performance,Design and execute a low-cost consumer growth experiment,Growth hypothesis + campaign + KPI framework + analysis + next steps,Growth marketing; Analytics; Campaign design; Consumer psychology,8,14,4.0,2.0,0.587,0,0,low,Adjacent evidence only; nothing proves this specific deliverable,rubric_engine
S017,Isabella Garcia,Venture Capital,Market research: strong; Financial analysis: decent; Startup evaluation: strong; Writing: strong; Excel: decent,verified:fin:6; verified:research:6; assessment:research:7; resume:fin:9,VC Scout - EarlyStage Network; University Venture Fund Analyst,8,12,Venture capital; Startups; Market intelligence; AI,,P006,LaunchLayer,Product Engineering,Implement an ambiguous feature inside an existing codebase,React/Node feature + tests + documentation + PR-style review,JavaScript/TypeScript; React; Node.js; Git; Software engineering,8,7,8.0,1.0,0.211,0,0,medium,No evidence in this domain; capability does not transfer,rubric_engine
S018,David Kim,Accounting/Audit,Accounting: strong; Excel: strong; Audit: strong; Financial statements: strong; SQL: beginner,assessment:fin:6; verified:fin:8; resume:fin:11,Accounting Intern - LedgerWorks; Student Accounting Association,10,12,Accounting; Audit; Finance; Corporate finance,,P001,VisionForge AI,AI/ML,Improve an existing computer vision model and explain technical tradeoffs,PyTorch model improvement + reproducible implementation + technical memo,Python; PyTorch; Machine learning; Model evaluation; Git,8,10,5.6,1.79,0.182,0,0,medium,No evidence in this domain; capability does not transfer,rubric_engine
S018,David Kim,Accounting/Audit,Accounting: strong; Excel: strong; Audit: strong; Financial statements: strong; SQL: beginner,assessment:fin:6; verified:fin:8; resume:fin:11,Accounting Intern - LedgerWorks; Student Accounting Association,10,12,Accounting; Audit; Finance; Corporate finance,,P002,DataStack Labs,Infrastructure/Data,Build a reliable pipeline from messy source data,Ingestion + cleaning + validation + storage + analytics table,Python; SQL; Data engineering; Data validation; Git,7,7,7.0,1.43,0.182,0,0,medium,No evidence in this domain; capability does not transfer,rubric_engine
S018,David Kim,Accounting/Audit,Accounting: strong; Excel: strong; Audit: strong; Financial statements: strong; SQL: beginner,assessment:fin:6; verified:fin:8; resume:fin:11,Accounting Intern - LedgerWorks; Student Accounting Association,10,12,Accounting; Audit; Finance; Corporate finance,,P003,HarborPoint Advisory,Investment Banking,Construct and defend a basic financial model from raw company information,Three-statement model + valuation + sensitivity analysis,Excel; Accounting; Financial modeling; Valuation,8,7,8.0,1.25,1.216,1,1,high,Reviewed evidence and aligned interest predict an eager repeat,rubric_engine
S018,David Kim,Accounting/Audit,Accounting: strong; Excel: strong; Audit: strong; Financial statements: strong; SQL: beginner,assessment:fin:6; verified:fin:8; resume:fin:11,Accounting Intern - LedgerWorks; Student Accounting Association,10,12,Accounting; Audit; Finance; Corporate finance,,P004,Northstar Strategy,Strategy/Research,Research a fragmented market and produce actionable strategic insight,Market map + competitor analysis + TAM/SAM/SOM + recommendation + sources,Market research; Competitive analysis; Writing; Structured thinking,6,7,6.0,1.67,0.608,1,0,medium,"Solid verified fit but not exceptional; likely fine, not eager",rubric_engine
S018,David Kim,Accounting/Audit,Accounting: strong; Excel: strong; Audit: strong; Financial statements: strong; SQL: beginner,assessment:fin:6; verified:fin:8; resume:fin:11,Accounting Intern - LedgerWorks; Student Accounting Association,10,12,Accounting; Audit; Finance; Corporate finance,,P005,Looply,Growth/Performance,Design and execute a low-cost consumer growth experiment,Growth hypothesis + campaign + KPI framework + analysis + next steps,Growth marketing; Analytics; Campaign design; Consumer psychology,8,14,4.0,2.5,0.182,0,0,medium,No evidence in this domain; capability does not transfer,rubric_engine
S018,David Kim,Accounting/Audit,Accounting: strong; Excel: strong; Audit: strong; Financial statements: strong; SQL: beginner,assessment:fin:6; verified:fin:8; resume:fin:11,Accounting Intern - LedgerWorks; Student Accounting Association,10,12,Accounting; Audit; Finance; Corporate finance,,P006,LaunchLayer,Product Engineering,Implement an ambiguous feature inside an existing codebase,React/Node feature + tests + documentation + PR-style review,JavaScript/TypeScript; React; Node.js; Git; Software engineering,8,7,8.0,1.25,0.182,0,0,medium,No evidence in this domain; capability does not transfer,rubric_engine
S019,Chloe Davis,Content/Brand,Copywriting: strong; Brand strategy: strong; Video editing: decent; Social media: strong; Analytics: decent,verified:growth:5; verified:growth:8; resume:growth:10,Social Media Intern - CultureLab; Freelance content creator,15,16,Brand; Content; Consumer; Media,,P001,VisionForge AI,AI/ML,Improve an existing computer vision model and explain technical tradeoffs,PyTorch model improvement + reproducible implementation + technical memo,Python; PyTorch; Machine learning; Model evaluation; Git,8,10,5.6,2.68,0.203,0,0,medium,No evidence in this domain; capability does not transfer,rubric_engine
S019,Chloe Davis,Content/Brand,Copywriting: strong; Brand strategy: strong; Video editing: decent; Social media: strong; Analytics: decent,verified:growth:5; verified:growth:8; resume:growth:10,Social Media Intern - CultureLab; Freelance content creator,15,16,Brand; Content; Consumer; Media,,P002,DataStack Labs,Infrastructure/Data,Build a reliable pipeline from messy source data,Ingestion + cleaning + validation + storage + analytics table,Python; SQL; Data engineering; Data validation; Git,7,7,7.0,2.14,0.203,0,0,medium,No evidence in this domain; capability does not transfer,rubric_engine
S019,Chloe Davis,Content/Brand,Copywriting: strong; Brand strategy: strong; Video editing: decent; Social media: strong; Analytics: decent,verified:growth:5; verified:growth:8; resume:growth:10,Social Media Intern - CultureLab; Freelance content creator,15,16,Brand; Content; Consumer; Media,,P003,HarborPoint Advisory,Investment Banking,Construct and defend a basic financial model from raw company information,Three-statement model + valuation + sensitivity analysis,Excel; Accounting; Financial modeling; Valuation,8,7,8.0,1.88,0.203,0,0,medium,No evidence in this domain; capability does not transfer,rubric_engine
S019,Chloe Davis,Content/Brand,Copywriting: strong; Brand strategy: strong; Video editing: decent; Social media: strong; Analytics: decent,verified:growth:5; verified:growth:8; resume:growth:10,Social Media Intern - CultureLab; Freelance content creator,15,16,Brand; Content; Consumer; Media,,P004,Northstar Strategy,Strategy/Research,Research a fragmented market and produce actionable strategic insight,Market map + competitor analysis + TAM/SAM/SOM + recommendation + sources,Market research; Competitive analysis; Writing; Structured thinking,6,7,6.0,2.5,0.677,1,0,medium,"Solid verified fit but not exceptional; likely fine, not eager",rubric_engine
S019,Chloe Davis,Content/Brand,Copywriting: strong; Brand strategy: strong; Video editing: decent; Social media: strong; Analytics: decent,verified:growth:5; verified:growth:8; resume:growth:10,Social Media Intern - CultureLab; Freelance content creator,15,16,Brand; Content; Consumer; Media,,P005,Looply,Growth/Performance,Design and execute a low-cost consumer growth experiment,Growth hypothesis + campaign + KPI framework + analysis + next steps,Growth marketing; Analytics; Campaign design; Consumer psychology,8,14,4.0,3.75,1.354,1,1,high,Reviewed evidence and aligned interest predict an eager repeat,rubric_engine
S019,Chloe Davis,Content/Brand,Copywriting: strong; Brand strategy: strong; Video editing: decent; Social media: strong; Analytics: decent,verified:growth:5; verified:growth:8; resume:growth:10,Social Media Intern - CultureLab; Freelance content creator,15,16,Brand; Content; Consumer; Media,,P006,LaunchLayer,Product Engineering,Implement an ambiguous feature inside an existing codebase,React/Node feature + tests + documentation + PR-style review,JavaScript/TypeScript; React; Node.js; Git; Software engineering,8,7,8.0,1.88,0.203,0,0,medium,No evidence in this domain; capability does not transfer,rubric_engine
S020,Benjamin Lee,Full Stack,JavaScript: strong; TypeScript: strong; React: strong; Node.js: decent; SQL: decent; Git: strong,verified:eng:6; assessment:eng:7; resume:eng:10,Software Engineering Intern - AppWorks; Independent developer,6,10,Product engineering; SaaS; Startups; Developer tools,,P001,VisionForge AI,AI/ML,Improve an existing computer vision model and explain technical tradeoffs,PyTorch model improvement + reproducible implementation + technical memo,Python; PyTorch; Machine learning; Model evaluation; Git,8,10,5.6,1.07,0.608,1,0,medium,"Solid verified fit but not exceptional; likely fine, not eager",rubric_engine
S020,Benjamin Lee,Full Stack,JavaScript: strong; TypeScript: strong; React: strong; Node.js: decent; SQL: decent; Git: strong,verified:eng:6; assessment:eng:7; resume:eng:10,Software Engineering Intern - AppWorks; Independent developer,6,10,Product engineering; SaaS; Startups; Developer tools,,P002,DataStack Labs,Infrastructure/Data,Build a reliable pipeline from messy source data,Ingestion + cleaning + validation + storage + analytics table,Python; SQL; Data engineering; Data validation; Git,7,7,7.0,0.86,0.608,1,0,medium,"Capable, but 86% of needed hours; deadline risk costs the rating",rubric_engine
S020,Benjamin Lee,Full Stack,JavaScript: strong; TypeScript: strong; React: strong; Node.js: decent; SQL: decent; Git: strong,verified:eng:6; assessment:eng:7; resume:eng:10,Software Engineering Intern - AppWorks; Independent developer,6,10,Product engineering; SaaS; Startups; Developer tools,,P003,HarborPoint Advisory,Investment Banking,Construct and defend a basic financial model from raw company information,Three-statement model + valuation + sensitivity analysis,Excel; Accounting; Financial modeling; Valuation,8,7,8.0,0.75,0.182,0,0,medium,No evidence in this domain; capability does not transfer,rubric_engine
S020,Benjamin Lee,Full Stack,JavaScript: strong; TypeScript: strong; React: strong; Node.js: decent; SQL: decent; Git: strong,verified:eng:6; assessment:eng:7; resume:eng:10,Software Engineering Intern - AppWorks; Independent developer,6,10,Product engineering; SaaS; Startups; Developer tools,,P004,Northstar Strategy,Strategy/Research,Research a fragmented market and produce actionable strategic insight,Market map + competitor analysis + TAM/SAM/SOM + recommendation + sources,Market research; Competitive analysis; Writing; Structured thinking,6,7,6.0,1.0,0.182,0,0,medium,No evidence in this domain; capability does not transfer,rubric_engine
S020,Benjamin Lee,Full Stack,JavaScript: strong; TypeScript: strong; React: strong; Node.js: decent; SQL: decent; Git: strong,verified:eng:6; assessment:eng:7; resume:eng:10,Software Engineering Intern - AppWorks; Independent developer,6,10,Product engineering; SaaS; Startups; Developer tools,,P005,Looply,Growth/Performance,Design and execute a low-cost consumer growth experiment,Growth hypothesis + campaign + KPI framework + analysis + next steps,Growth marketing; Analytics; Campaign design; Consumer psychology,8,14,4.0,1.5,0.182,0,0,medium,No evidence in this domain; capability does not transfer,rubric_engine
S020,Benjamin Lee,Full Stack,JavaScript: strong; TypeScript: strong; React: strong; Node.js: decent; SQL: decent; Git: strong,verified:eng:6; assessment:eng:7; resume:eng:10,Software Engineering Intern - AppWorks; Independent developer,6,10,Product engineering; SaaS; Startups; Developer tools,,P006,LaunchLayer,Product Engineering,Implement an ambiguous feature inside an existing codebase,React/Node feature + tests + documentation + PR-style review,JavaScript/TypeScript; React; Node.js; Git; Software engineering,8,7,8.0,0.75,1.216,1,0,medium,"Capable, but 75% of needed hours; deadline risk costs the rating",rubric_engine
S021,Natalie Clark,Health Analytics,Python: strong; SQL: strong; Statistics: strong; Excel: strong; Healthcare operations: decent,verified:data:6; assessment:data:7; resume:data:10,Operations Research Assistant - Regional Health System,8,12,Health analytics; Healthcare operations; Digital health,,P001,VisionForge AI,AI/ML,Improve an existing computer vision model and explain technical tradeoffs,PyTorch model improvement + reproducible implementation + technical memo,Python; PyTorch; Machine learning; Model evaluation; Git,8,10,5.6,1.43,0.608,1,0,medium,"Solid verified fit but not exceptional; likely fine, not eager",rubric_engine
S021,Natalie Clark,Health Analytics,Python: strong; SQL: strong; Statistics: strong; Excel: strong; Healthcare operations: decent,verified:data:6; assessment:data:7; resume:data:10,Operations Research Assistant - Regional Health System,8,12,Health analytics; Healthcare operations; Digital health,,P002,DataStack Labs,Infrastructure/Data,Build a reliable pipeline from messy source data,Ingestion + cleaning + validation + storage + analytics table,Python; SQL; Data engineering; Data validation; Git,7,7,7.0,1.14,1.216,1,1,high,Reviewed evidence and aligned interest predict an eager repeat,rubric_engine
S021,Natalie Clark,Health Analytics,Python: strong; SQL: strong; Statistics: strong; Excel: strong; Healthcare operations: decent,verified:data:6; assessment:data:7; resume:data:10,Operations Research Assistant - Regional Health System,8,12,Health analytics; Healthcare operations; Digital health,,P003,HarborPoint Advisory,Investment Banking,Construct and defend a basic financial model from raw company information,Three-statement model + valuation + sensitivity analysis,Excel; Accounting; Financial modeling; Valuation,8,7,8.0,1.0,0.182,0,0,medium,No evidence in this domain; capability does not transfer,rubric_engine
S021,Natalie Clark,Health Analytics,Python: strong; SQL: strong; Statistics: strong; Excel: strong; Healthcare operations: decent,verified:data:6; assessment:data:7; resume:data:10,Operations Research Assistant - Regional Health System,8,12,Health analytics; Healthcare operations; Digital health,,P004,Northstar Strategy,Strategy/Research,Research a fragmented market and produce actionable strategic insight,Market map + competitor analysis + TAM/SAM/SOM + recommendation + sources,Market research; Competitive analysis; Writing; Structured thinking,6,7,6.0,1.33,0.182,0,0,medium,No evidence in this domain; capability does not transfer,rubric_engine
S021,Natalie Clark,Health Analytics,Python: strong; SQL: strong; Statistics: strong; Excel: strong; Healthcare operations: decent,verified:data:6; assessment:data:7; resume:data:10,Operations Research Assistant - Regional Health System,8,12,Health analytics; Healthcare operations; Digital health,,P005,Looply,Growth/Performance,Design and execute a low-cost consumer growth experiment,Growth hypothesis + campaign + KPI framework + analysis + next steps,Growth marketing; Analytics; Campaign design; Consumer psychology,8,14,4.0,2.0,0.182,0,0,medium,No evidence in this domain; capability does not transfer,rubric_engine
S021,Natalie Clark,Health Analytics,Python: strong; SQL: strong; Statistics: strong; Excel: strong; Healthcare operations: decent,verified:data:6; assessment:data:7; resume:data:10,Operations Research Assistant - Regional Health System,8,12,Health analytics; Healthcare operations; Digital health,,P006,LaunchLayer,Product Engineering,Implement an ambiguous feature inside an existing codebase,React/Node feature + tests + documentation + PR-style review,JavaScript/TypeScript; React; Node.js; Git; Software engineering,8,7,8.0,1.0,0.608,1,0,medium,"Solid verified fit but not exceptional; likely fine, not eager",rubric_engine
S022,Andrew Smith,Supply Chain,Excel: strong; Forecasting: strong; Inventory: strong; SQL: decent; Python: beginner,verified:data:7; assessment:data:8; resume:data:11,Supply Chain Intern - Global Distribution Co.,10,12,Supply chain; Operations; Forecasting; Retail,,P001,VisionForge AI,AI/ML,Improve an existing computer vision model and explain technical tradeoffs,PyTorch model improvement + reproducible implementation + technical memo,Python; PyTorch; Machine learning; Model evaluation; Git,8,10,5.6,1.79,0.608,1,0,medium,"Solid verified fit but not exceptional; likely fine, not eager",rubric_engine
S022,Andrew Smith,Supply Chain,Excel: strong; Forecasting: strong; Inventory: strong; SQL: decent; Python: beginner,verified:data:7; assessment:data:8; resume:data:11,Supply Chain Intern - Global Distribution Co.,10,12,Supply chain; Operations; Forecasting; Retail,,P002,DataStack Labs,Infrastructure/Data,Build a reliable pipeline from messy source data,Ingestion + cleaning + validation + storage + analytics table,Python; SQL; Data engineering; Data validation; Git,7,7,7.0,1.43,1.216,1,1,high,Reviewed evidence and aligned interest predict an eager repeat,rubric_engine
S022,Andrew Smith,Supply Chain,Excel: strong; Forecasting: strong; Inventory: strong; SQL: decent; Python: beginner,verified:data:7; assessment:data:8; resume:data:11,Supply Chain Intern - Global Distribution Co.,10,12,Supply chain; Operations; Forecasting; Retail,,P003,HarborPoint Advisory,Investment Banking,Construct and defend a basic financial model from raw company information,Three-statement model + valuation + sensitivity analysis,Excel; Accounting; Financial modeling; Valuation,8,7,8.0,1.25,0.182,0,0,medium,No evidence in this domain; capability does not transfer,rubric_engine
S022,Andrew Smith,Supply Chain,Excel: strong; Forecasting: strong; Inventory: strong; SQL: decent; Python: beginner,verified:data:7; assessment:data:8; resume:data:11,Supply Chain Intern - Global Distribution Co.,10,12,Supply chain; Operations; Forecasting; Retail,,P004,Northstar Strategy,Strategy/Research,Research a fragmented market and produce actionable strategic insight,Market map + competitor analysis + TAM/SAM/SOM + recommendation + sources,Market research; Competitive analysis; Writing; Structured thinking,6,7,6.0,1.67,0.182,0,0,medium,No evidence in this domain; capability does not transfer,rubric_engine
S022,Andrew Smith,Supply Chain,Excel: strong; Forecasting: strong; Inventory: strong; SQL: decent; Python: beginner,verified:data:7; assessment:data:8; resume:data:11,Supply Chain Intern - Global Distribution Co.,10,12,Supply chain; Operations; Forecasting; Retail,,P005,Looply,Growth/Performance,Design and execute a low-cost consumer growth experiment,Growth hypothesis + campaign + KPI framework + analysis + next steps,Growth marketing; Analytics; Campaign design; Consumer psychology,8,14,4.0,2.5,0.182,0,0,medium,No evidence in this domain; capability does not transfer,rubric_engine
S022,Andrew Smith,Supply Chain,Excel: strong; Forecasting: strong; Inventory: strong; SQL: decent; Python: beginner,verified:data:7; assessment:data:8; resume:data:11,Supply Chain Intern - Global Distribution Co.,10,12,Supply chain; Operations; Forecasting; Retail,,P006,LaunchLayer,Product Engineering,Implement an ambiguous feature inside an existing codebase,React/Node feature + tests + documentation + PR-style review,JavaScript/TypeScript; React; Node.js; Git; Software engineering,8,7,8.0,1.25,0.608,1,0,medium,"Solid verified fit but not exceptional; likely fine, not eager",rubric_engine
S023,Lily Wang,Legal Operations,Research: strong; Documentation: strong; Excel: decent; Process design: strong; Legal operations: beginner,verified:research:8; resume:research:11; self:research:6,Legal Operations Intern - LegalTech Services; Research Assistant - Law Clinic,6,10,Legal operations; Legal technology; Process improvement,,P001,VisionForge AI,AI/ML,Improve an existing computer vision model and explain technical tradeoffs,PyTorch model improvement + reproducible implementation + technical memo,Python; PyTorch; Machine learning; Model evaluation; Git,8,10,5.6,1.07,0.157,0,0,high,No evidence in this domain; capability does not transfer,rubric_engine
S023,Lily Wang,Legal Operations,Research: strong; Documentation: strong; Excel: decent; Process design: strong; Legal operations: beginner,verified:research:8; resume:research:11; self:research:6,Legal Operations Intern - LegalTech Services; Research Assistant - Law Clinic,6,10,Legal operations; Legal technology; Process improvement,,P002,DataStack Labs,Infrastructure/Data,Build a reliable pipeline from messy source data,Ingestion + cleaning + validation + storage + analytics table,Python; SQL; Data engineering; Data validation; Git,7,7,7.0,0.86,0.157,0,0,high,No evidence in this domain; capability does not transfer,rubric_engine
S023,Lily Wang,Legal Operations,Research: strong; Documentation: strong; Excel: decent; Process design: strong; Legal operations: beginner,verified:research:8; resume:research:11; self:research:6,Legal Operations Intern - LegalTech Services; Research Assistant - Law Clinic,6,10,Legal operations; Legal technology; Process improvement,,P003,HarborPoint Advisory,Investment Banking,Construct and defend a basic financial model from raw company information,Three-statement model + valuation + sensitivity analysis,Excel; Accounting; Financial modeling; Valuation,8,7,8.0,0.75,0.157,0,0,high,No evidence in this domain; capability does not transfer,rubric_engine
S023,Lily Wang,Legal Operations,Research: strong; Documentation: strong; Excel: decent; Process design: strong; Legal operations: beginner,verified:research:8; resume:research:11; self:research:6,Legal Operations Intern - LegalTech Services; Research Assistant - Law Clinic,6,10,Legal operations; Legal technology; Process improvement,,P004,Northstar Strategy,Strategy/Research,Research a fragmented market and produce actionable strategic insight,Market map + competitor analysis + TAM/SAM/SOM + recommendation + sources,Market research; Competitive analysis; Writing; Structured thinking,6,7,6.0,1.0,1.045,1,1,high,Reviewed evidence and aligned interest predict an eager repeat,rubric_engine
S023,Lily Wang,Legal Operations,Research: strong; Documentation: strong; Excel: decent; Process design: strong; Legal operations: beginner,verified:research:8; resume:research:11; self:research:6,Legal Operations Intern - LegalTech Services; Research Assistant - Law Clinic,6,10,Legal operations; Legal technology; Process improvement,,P005,Looply,Growth/Performance,Design and execute a low-cost consumer growth experiment,Growth hypothesis + campaign + KPI framework + analysis + next steps,Growth marketing; Analytics; Campaign design; Consumer psychology,8,14,4.0,1.5,0.523,0,0,low,Adjacent evidence only; nothing proves this specific deliverable,rubric_engine
S023,Lily Wang,Legal Operations,Research: strong; Documentation: strong; Excel: decent; Process design: strong; Legal operations: beginner,verified:research:8; resume:research:11; self:research:6,Legal Operations Intern - LegalTech Services; Research Assistant - Law Clinic,6,10,Legal operations; Legal technology; Process improvement,,P006,LaunchLayer,Product Engineering,Implement an ambiguous feature inside an existing codebase,React/Node feature + tests + documentation + PR-style review,JavaScript/TypeScript; React; Node.js; Git; Software engineering,8,7,8.0,0.75,0.157,0,0,high,No evidence in this domain; capability does not transfer,rubric_engine
S024,Christopher Hall,Physical AI,Python: strong; C++: decent; Robotics: strong; ROS: strong; Computer vision: decent; Controls: decent,verified:ml:6; assessment:ml:7; resume:ml:10; self:eng:5,Robotics Lab Assistant; Robotics Club Lead,12,14,Robotics; Physical AI; Computer vision; Autonomous systems,,P001,VisionForge AI,AI/ML,Improve an existing computer vision model and explain technical tradeoffs,PyTorch model improvement + reproducible implementation + technical memo,Python; PyTorch; Machine learning; Model evaluation; Git,8,10,5.6,2.14,1.216,1,1,high,Reviewed evidence and aligned interest predict an eager repeat,rubric_engine
S024,Christopher Hall,Physical AI,Python: strong; C++: decent; Robotics: strong; ROS: strong; Computer vision: decent; Controls: decent,verified:ml:6; assessment:ml:7; resume:ml:10; self:eng:5,Robotics Lab Assistant; Robotics Club Lead,12,14,Robotics; Physical AI; Computer vision; Autonomous systems,,P002,DataStack Labs,Infrastructure/Data,Build a reliable pipeline from messy source data,Ingestion + cleaning + validation + storage + analytics table,Python; SQL; Data engineering; Data validation; Git,7,7,7.0,1.71,0.608,1,0,medium,"Solid verified fit but not exceptional; likely fine, not eager",rubric_engine
S024,Christopher Hall,Physical AI,Python: strong; C++: decent; Robotics: strong; ROS: strong; Computer vision: decent; Controls: decent,verified:ml:6; assessment:ml:7; resume:ml:10; self:eng:5,Robotics Lab Assistant; Robotics Club Lead,12,14,Robotics; Physical AI; Computer vision; Autonomous systems,,P003,HarborPoint Advisory,Investment Banking,Construct and defend a basic financial model from raw company information,Three-statement model + valuation + sensitivity analysis,Excel; Accounting; Financial modeling; Valuation,8,7,8.0,1.5,0.182,0,0,medium,No evidence in this domain; capability does not transfer,rubric_engine
S024,Christopher Hall,Physical AI,Python: strong; C++: decent; Robotics: strong; ROS: strong; Computer vision: decent; Controls: decent,verified:ml:6; assessment:ml:7; resume:ml:10; self:eng:5,Robotics Lab Assistant; Robotics Club Lead,12,14,Robotics; Physical AI; Computer vision; Autonomous systems,,P004,Northstar Strategy,Strategy/Research,Research a fragmented market and produce actionable strategic insight,Market map + competitor analysis + TAM/SAM/SOM + recommendation + sources,Market research; Competitive analysis; Writing; Structured thinking,6,7,6.0,2.0,0.182,0,0,medium,No evidence in this domain; capability does not transfer,rubric_engine
S024,Christopher Hall,Physical AI,Python: strong; C++: decent; Robotics: strong; ROS: strong; Computer vision: decent; Controls: decent,verified:ml:6; assessment:ml:7; resume:ml:10; self:eng:5,Robotics Lab Assistant; Robotics Club Lead,12,14,Robotics; Physical AI; Computer vision; Autonomous systems,,P005,Looply,Growth/Performance,Design and execute a low-cost consumer growth experiment,Growth hypothesis + campaign + KPI framework + analysis + next steps,Growth marketing; Analytics; Campaign design; Consumer psychology,8,14,4.0,3.0,0.182,0,0,medium,No evidence in this domain; capability does not transfer,rubric_engine
S024,Christopher Hall,Physical AI,Python: strong; C++: decent; Robotics: strong; ROS: strong; Computer vision: decent; Controls: decent,verified:ml:6; assessment:ml:7; resume:ml:10; self:eng:5,Robotics Lab Assistant; Robotics Club Lead,12,14,Robotics; Physical AI; Computer vision; Autonomous systems,,P006,LaunchLayer,Product Engineering,Implement an ambiguous feature inside an existing codebase,React/Node feature + tests + documentation + PR-style review,JavaScript/TypeScript; React; Node.js; Git; Software engineering,8,7,8.0,1.5,0.608,1,0,medium,"Solid verified fit but not exceptional; likely fine, not eager",rubric_engine
S025,Hannah Young,Strategy/Consulting,Case interviews: strong; Excel: strong; Market sizing: strong; Presentation: strong; Research: strong,assessment:research:6; verified:research:8; resume:research:10,Strategy Intern - Meridian Consulting; Consulting Club,8,12,Management consulting; Strategy; Market research,,P001,VisionForge AI,AI/ML,Improve an existing computer vision model and explain technical tradeoffs,PyTorch model improvement + reproducible implementation + technical memo,Python; PyTorch; Machine learning; Model evaluation; Git,8,10,5.6,1.43,0.182,0,0,medium,No evidence in this domain; capability does not transfer,rubric_engine
S025,Hannah Young,Strategy/Consulting,Case interviews: strong; Excel: strong; Market sizing: strong; Presentation: strong; Research: strong,assessment:research:6; verified:research:8; resume:research:10,Strategy Intern - Meridian Consulting; Consulting Club,8,12,Management consulting; Strategy; Market research,,P002,DataStack Labs,Infrastructure/Data,Build a reliable pipeline from messy source data,Ingestion + cleaning + validation + storage + analytics table,Python; SQL; Data engineering; Data validation; Git,7,7,7.0,1.14,0.182,0,0,medium,No evidence in this domain; capability does not transfer,rubric_engine
S025,Hannah Young,Strategy/Consulting,Case interviews: strong; Excel: strong; Market sizing: strong; Presentation: strong; Research: strong,assessment:research:6; verified:research:8; resume:research:10,Strategy Intern - Meridian Consulting; Consulting Club,8,12,Management consulting; Strategy; Market research,,P003,HarborPoint Advisory,Investment Banking,Construct and defend a basic financial model from raw company information,Three-statement model + valuation + sensitivity analysis,Excel; Accounting; Financial modeling; Valuation,8,7,8.0,1.0,0.182,0,0,medium,No evidence in this domain; capability does not transfer,rubric_engine
S025,Hannah Young,Strategy/Consulting,Case interviews: strong; Excel: strong; Market sizing: strong; Presentation: strong; Research: strong,assessment:research:6; verified:research:8; resume:research:10,Strategy Intern - Meridian Consulting; Consulting Club,8,12,Management consulting; Strategy; Market research,,P004,Northstar Strategy,Strategy/Research,Research a fragmented market and produce actionable strategic insight,Market map + competitor analysis + TAM/SAM/SOM + recommendation + sources,Market research; Competitive analysis; Writing; Structured thinking,6,7,6.0,1.33,1.216,1,1,high,Reviewed evidence and aligned interest predict an eager repeat,rubric_engine
S025,Hannah Young,Strategy/Consulting,Case interviews: strong; Excel: strong; Market sizing: strong; Presentation: strong; Research: strong,assessment:research:6; verified:research:8; resume:research:10,Strategy Intern - Meridian Consulting; Consulting Club,8,12,Management consulting; Strategy; Market research,,P005,Looply,Growth/Performance,Design and execute a low-cost consumer growth experiment,Growth hypothesis + campaign + KPI framework + analysis + next steps,Growth marketing; Analytics; Campaign design; Consumer psychology,8,14,4.0,2.0,0.608,1,0,medium,"Solid verified fit but not exceptional; likely fine, not eager",rubric_engine
S025,Hannah Young,Strategy/Consulting,Case interviews: strong; Excel: strong; Market sizing: strong; Presentation: strong; Research: strong,assessment:research:6; verified:research:8; resume:research:10,Strategy Intern - Meridian Consulting; Consulting Club,8,12,Management consulting; Strategy; Market research,,P006,LaunchLayer,Product Engineering,Implement an ambiguous feature inside an existing codebase,React/Node feature + tests + documentation + PR-style review,JavaScript/TypeScript; React; Node.js; Git; Software engineering,8,7,8.0,1.0,0.182,0,0,medium,No evidence in this domain; capability does not transfer,rubric_engine
S026,Michael Anderson,Product Engineering,Python: strong; Java: strong; SQL: strong; System design: strong; Cloud: strong; React: decent,verified:eng:5; assessment:eng:6; resume:eng:9; self:data:4,Software Engineering Intern - CloudProduct; Research Assistant - Systems Lab,10,12,Backend engineering; Infrastructure; SaaS; AI,,P001,VisionForge AI,AI/ML,Improve an existing computer vision model and explain technical tradeoffs,PyTorch model improvement + reproducible implementation + technical memo,Python; PyTorch; Machine learning; Model evaluation; Git,8,10,5.6,1.79,0.608,1,0,medium,"Solid verified fit but not exceptional; likely fine, not eager",rubric_engine
S026,Michael Anderson,Product Engineering,Python: strong; Java: strong; SQL: strong; System design: strong; Cloud: strong; React: decent,verified:eng:5; assessment:eng:6; resume:eng:9; self:data:4,Software Engineering Intern - CloudProduct; Research Assistant - Systems Lab,10,12,Backend engineering; Infrastructure; SaaS; AI,,P002,DataStack Labs,Infrastructure/Data,Build a reliable pipeline from messy source data,Ingestion + cleaning + validation + storage + analytics table,Python; SQL; Data engineering; Data validation; Git,7,7,7.0,1.43,0.608,1,0,medium,"Solid verified fit but not exceptional; likely fine, not eager",rubric_engine
S026,Michael Anderson,Product Engineering,Python: strong; Java: strong; SQL: strong; System design: strong; Cloud: strong; React: decent,verified:eng:5; assessment:eng:6; resume:eng:9; self:data:4,Software Engineering Intern - CloudProduct; Research Assistant - Systems Lab,10,12,Backend engineering; Infrastructure; SaaS; AI,,P003,HarborPoint Advisory,Investment Banking,Construct and defend a basic financial model from raw company information,Three-statement model + valuation + sensitivity analysis,Excel; Accounting; Financial modeling; Valuation,8,7,8.0,1.25,0.182,0,0,medium,No evidence in this domain; capability does not transfer,rubric_engine
S026,Michael Anderson,Product Engineering,Python: strong; Java: strong; SQL: strong; System design: strong; Cloud: strong; React: decent,verified:eng:5; assessment:eng:6; resume:eng:9; self:data:4,Software Engineering Intern - CloudProduct; Research Assistant - Systems Lab,10,12,Backend engineering; Infrastructure; SaaS; AI,,P004,Northstar Strategy,Strategy/Research,Research a fragmented market and produce actionable strategic insight,Market map + competitor analysis + TAM/SAM/SOM + recommendation + sources,Market research; Competitive analysis; Writing; Structured thinking,6,7,6.0,1.67,0.182,0,0,medium,No evidence in this domain; capability does not transfer,rubric_engine
S026,Michael Anderson,Product Engineering,Python: strong; Java: strong; SQL: strong; System design: strong; Cloud: strong; React: decent,verified:eng:5; assessment:eng:6; resume:eng:9; self:data:4,Software Engineering Intern - CloudProduct; Research Assistant - Systems Lab,10,12,Backend engineering; Infrastructure; SaaS; AI,,P005,Looply,Growth/Performance,Design and execute a low-cost consumer growth experiment,Growth hypothesis + campaign + KPI framework + analysis + next steps,Growth marketing; Analytics; Campaign design; Consumer psychology,8,14,4.0,2.5,0.182,0,0,medium,No evidence in this domain; capability does not transfer,rubric_engine
S026,Michael Anderson,Product Engineering,Python: strong; Java: strong; SQL: strong; System design: strong; Cloud: strong; React: decent,verified:eng:5; assessment:eng:6; resume:eng:9; self:data:4,Software Engineering Intern - CloudProduct; Research Assistant - Systems Lab,10,12,Backend engineering; Infrastructure; SaaS; AI,,P006,LaunchLayer,Product Engineering,Implement an ambiguous feature inside an existing codebase,React/Node feature + tests + documentation + PR-style review,JavaScript/TypeScript; React; Node.js; Git; Software engineering,8,7,8.0,1.25,1.216,1,1,high,Reviewed evidence and aligned interest predict an eager repeat,rubric_engine
S027,Ella Martinez,Finance/Research,Excel: strong; Financial analysis: strong; Research: strong; Accounting: decent; Python: beginner,verified:fin:6; assessment:fin:7; resume:fin:10,Equity Research Intern - MarketView; Student Investment Fund,8,12,Equity research; Asset management; Investment banking,,P001,VisionForge AI,AI/ML,Improve an existing computer vision model and explain technical tradeoffs,PyTorch model improvement + reproducible implementation + technical memo,Python; PyTorch; Machine learning; Model evaluation; Git,8,10,5.6,1.43,0.182,0,0,medium,No evidence in this domain; capability does not transfer,rubric_engine
S027,Ella Martinez,Finance/Research,Excel: strong; Financial analysis: strong; Research: strong; Accounting: decent; Python: beginner,verified:fin:6; assessment:fin:7; resume:fin:10,Equity Research Intern - MarketView; Student Investment Fund,8,12,Equity research; Asset management; Investment banking,,P002,DataStack Labs,Infrastructure/Data,Build a reliable pipeline from messy source data,Ingestion + cleaning + validation + storage + analytics table,Python; SQL; Data engineering; Data validation; Git,7,7,7.0,1.14,0.182,0,0,medium,No evidence in this domain; capability does not transfer,rubric_engine
S027,Ella Martinez,Finance/Research,Excel: strong; Financial analysis: strong; Research: strong; Accounting: decent; Python: beginner,verified:fin:6; assessment:fin:7; resume:fin:10,Equity Research Intern - MarketView; Student Investment Fund,8,12,Equity research; Asset management; Investment banking,,P003,HarborPoint Advisory,Investment Banking,Construct and defend a basic financial model from raw company information,Three-statement model + valuation + sensitivity analysis,Excel; Accounting; Financial modeling; Valuation,8,7,8.0,1.0,1.216,1,1,high,Reviewed evidence and aligned interest predict an eager repeat,rubric_engine
S027,Ella Martinez,Finance/Research,Excel: strong; Financial analysis: strong; Research: strong; Accounting: decent; Python: beginner,verified:fin:6; assessment:fin:7; resume:fin:10,Equity Research Intern - MarketView; Student Investment Fund,8,12,Equity research; Asset management; Investment banking,,P004,Northstar Strategy,Strategy/Research,Research a fragmented market and produce actionable strategic insight,Market map + competitor analysis + TAM/SAM/SOM + recommendation + sources,Market research; Competitive analysis; Writing; Structured thinking,6,7,6.0,1.33,0.608,1,0,medium,"Solid verified fit but not exceptional; likely fine, not eager",rubric_engine
S027,Ella Martinez,Finance/Research,Excel: strong; Financial analysis: strong; Research: strong; Accounting: decent; Python: beginner,verified:fin:6; assessment:fin:7; resume:fin:10,Equity Research Intern - MarketView; Student Investment Fund,8,12,Equity research; Asset management; Investment banking,,P005,Looply,Growth/Performance,Design and execute a low-cost consumer growth experiment,Growth hypothesis + campaign + KPI framework + analysis + next steps,Growth marketing; Analytics; Campaign design; Consumer psychology,8,14,4.0,2.0,0.182,0,0,medium,No evidence in this domain; capability does not transfer,rubric_engine
S027,Ella Martinez,Finance/Research,Excel: strong; Financial analysis: strong; Research: strong; Accounting: decent; Python: beginner,verified:fin:6; assessment:fin:7; resume:fin:10,Equity Research Intern - MarketView; Student Investment Fund,8,12,Equity research; Asset management; Investment banking,,P006,LaunchLayer,Product Engineering,Implement an ambiguous feature inside an existing codebase,React/Node feature + tests + documentation + PR-style review,JavaScript/TypeScript; React; Node.js; Git; Software engineering,8,7,8.0,1.0,0.182,0,0,medium,No evidence in this domain; capability does not transfer,rubric_engine
S028,William Taylor,Growth,Analytics: strong; SQL: strong; Python: decent; Paid acquisition: strong; Experimentation: strong,verified:growth:4; accepted_trial:growth:6; resume:growth:9,Growth Intern - ConsumerTech; Independent growth project,15,16,Growth; Performance marketing; Consumer apps,,P001,VisionForge AI,AI/ML,Improve an existing computer vision model and explain technical tradeoffs,PyTorch model improvement + reproducible implementation + technical memo,Python; PyTorch; Machine learning; Model evaluation; Git,8,10,5.6,2.68,0.233,0,0,medium,No evidence in this domain; capability does not transfer,rubric_engine
S028,William Taylor,Growth,Analytics: strong; SQL: strong; Python: decent; Paid acquisition: strong; Experimentation: strong,verified:growth:4; accepted_trial:growth:6; resume:growth:9,Growth Intern - ConsumerTech; Independent growth project,15,16,Growth; Performance marketing; Consumer apps,,P002,DataStack Labs,Infrastructure/Data,Build a reliable pipeline from messy source data,Ingestion + cleaning + validation + storage + analytics table,Python; SQL; Data engineering; Data validation; Git,7,7,7.0,2.14,0.233,0,0,medium,No evidence in this domain; capability does not transfer,rubric_engine
S028,William Taylor,Growth,Analytics: strong; SQL: strong; Python: decent; Paid acquisition: strong; Experimentation: strong,verified:growth:4; accepted_trial:growth:6; resume:growth:9,Growth Intern - ConsumerTech; Independent growth project,15,16,Growth; Performance marketing; Consumer apps,,P003,HarborPoint Advisory,Investment Banking,Construct and defend a basic financial model from raw company information,Three-statement model + valuation + sensitivity analysis,Excel; Accounting; Financial modeling; Valuation,8,7,8.0,1.88,0.233,0,0,medium,No evidence in this domain; capability does not transfer,rubric_engine
S028,William Taylor,Growth,Analytics: strong; SQL: strong; Python: decent; Paid acquisition: strong; Experimentation: strong,verified:growth:4; accepted_trial:growth:6; resume:growth:9,Growth Intern - ConsumerTech; Independent growth project,15,16,Growth; Performance marketing; Consumer apps,,P004,Northstar Strategy,Strategy/Research,Research a fragmented market and produce actionable strategic insight,Market map + competitor analysis + TAM/SAM/SOM + recommendation + sources,Market research; Competitive analysis; Writing; Structured thinking,6,7,6.0,2.5,0.777,1,1,medium,Reviewed evidence and aligned interest predict an eager repeat,rubric_engine
S028,William Taylor,Growth,Analytics: strong; SQL: strong; Python: decent; Paid acquisition: strong; Experimentation: strong,verified:growth:4; accepted_trial:growth:6; resume:growth:9,Growth Intern - ConsumerTech; Independent growth project,15,16,Growth; Performance marketing; Consumer apps,,P005,Looply,Growth/Performance,Design and execute a low-cost consumer growth experiment,Growth hypothesis + campaign + KPI framework + analysis + next steps,Growth marketing; Analytics; Campaign design; Consumer psychology,8,14,4.0,3.75,1.554,1,1,high,Reviewed evidence and aligned interest predict an eager repeat,rubric_engine
S028,William Taylor,Growth,Analytics: strong; SQL: strong; Python: decent; Paid acquisition: strong; Experimentation: strong,verified:growth:4; accepted_trial:growth:6; resume:growth:9,Growth Intern - ConsumerTech; Independent growth project,15,16,Growth; Performance marketing; Consumer apps,,P006,LaunchLayer,Product Engineering,Implement an ambiguous feature inside an existing codebase,React/Node feature + tests + documentation + PR-style review,JavaScript/TypeScript; React; Node.js; Git; Software engineering,8,7,8.0,1.88,0.233,0,0,medium,No evidence in this domain; capability does not transfer,rubric_engine
S029,Zoe Robinson,ML Research,Python: strong; PyTorch: strong; Statistics: strong; Research: strong; Technical writing: strong,verified:ml:5; assessment:ml:6; resume:ml:9; verified:research:8,ML Research Assistant; Research publication contributor,8,12,ML research; AI; Computer vision; Applied research,,P001,VisionForge AI,AI/ML,Improve an existing computer vision model and explain technical tradeoffs,PyTorch model improvement + reproducible implementation + technical memo,Python; PyTorch; Machine learning; Model evaluation; Git,8,10,5.6,1.43,1.216,1,1,high,Reviewed evidence and aligned interest predict an eager repeat,rubric_engine
S029,Zoe Robinson,ML Research,Python: strong; PyTorch: strong; Statistics: strong; Research: strong; Technical writing: strong,verified:ml:5; assessment:ml:6; resume:ml:9; verified:research:8,ML Research Assistant; Research publication contributor,8,12,ML research; AI; Computer vision; Applied research,,P002,DataStack Labs,Infrastructure/Data,Build a reliable pipeline from messy source data,Ingestion + cleaning + validation + storage + analytics table,Python; SQL; Data engineering; Data validation; Git,7,7,7.0,1.14,0.608,1,0,medium,"Solid verified fit but not exceptional; likely fine, not eager",rubric_engine
S029,Zoe Robinson,ML Research,Python: strong; PyTorch: strong; Statistics: strong; Research: strong; Technical writing: strong,verified:ml:5; assessment:ml:6; resume:ml:9; verified:research:8,ML Research Assistant; Research publication contributor,8,12,ML research; AI; Computer vision; Applied research,,P003,HarborPoint Advisory,Investment Banking,Construct and defend a basic financial model from raw company information,Three-statement model + valuation + sensitivity analysis,Excel; Accounting; Financial modeling; Valuation,8,7,8.0,1.0,0.211,0,0,medium,No evidence in this domain; capability does not transfer,rubric_engine
S029,Zoe Robinson,ML Research,Python: strong; PyTorch: strong; Statistics: strong; Research: strong; Technical writing: strong,verified:ml:5; assessment:ml:6; resume:ml:9; verified:research:8,ML Research Assistant; Research publication contributor,8,12,ML research; AI; Computer vision; Applied research,,P004,Northstar Strategy,Strategy/Research,Research a fragmented market and produce actionable strategic insight,Market map + competitor analysis + TAM/SAM/SOM + recommendation + sources,Market research; Competitive analysis; Writing; Structured thinking,6,7,6.0,1.33,0.891,1,1,high,Reviewed evidence and aligned interest predict an eager repeat,rubric_engine
S029,Zoe Robinson,ML Research,Python: strong; PyTorch: strong; Statistics: strong; Research: strong; Technical writing: strong,verified:ml:5; assessment:ml:6; resume:ml:9; verified:research:8,ML Research Assistant; Research publication contributor,8,12,ML research; AI; Computer vision; Applied research,,P005,Looply,Growth/Performance,Design and execute a low-cost consumer growth experiment,Growth hypothesis + campaign + KPI framework + analysis + next steps,Growth marketing; Analytics; Campaign design; Consumer psychology,8,14,4.0,2.0,0.491,0,0,low,Adjacent evidence only; nothing proves this specific deliverable,rubric_engine
S029,Zoe Robinson,ML Research,Python: strong; PyTorch: strong; Statistics: strong; Research: strong; Technical writing: strong,verified:ml:5; assessment:ml:6; resume:ml:9; verified:research:8,ML Research Assistant; Research publication contributor,8,12,ML research; AI; Computer vision; Applied research,,P006,LaunchLayer,Product Engineering,Implement an ambiguous feature inside an existing codebase,React/Node feature + tests + documentation + PR-style review,JavaScript/TypeScript; React; Node.js; Git; Software engineering,8,7,8.0,1.0,0.608,1,0,medium,"Solid verified fit but not exceptional; likely fine, not eager",rubric_engine
S030,Anthony Harris,Generalist,Python: decent; Excel: strong; Research: strong; Writing: strong; SQL: decent; Presentation: strong,verified:research:7; resume:research:10; self:eng:5,Startup Operations Intern - LaunchCo; Independent builder,10,12,Startups; Strategy; Operations; AI,,P001,VisionForge AI,AI/ML,Improve an existing computer vision model and explain technical tradeoffs,PyTorch model improvement + reproducible implementation + technical memo,Python; PyTorch; Machine learning; Model evaluation; Git,8,10,5.6,1.79,0.17,0,0,medium,No evidence in this domain; capability does not transfer,rubric_engine
S030,Anthony Harris,Generalist,Python: decent; Excel: strong; Research: strong; Writing: strong; SQL: decent; Presentation: strong,verified:research:7; resume:research:10; self:eng:5,Startup Operations Intern - LaunchCo; Independent builder,10,12,Startups; Strategy; Operations; AI,,P002,DataStack Labs,Infrastructure/Data,Build a reliable pipeline from messy source data,Ingestion + cleaning + validation + storage + analytics table,Python; SQL; Data engineering; Data validation; Git,7,7,7.0,1.43,0.17,0,0,medium,No evidence in this domain; capability does not transfer,rubric_engine
S030,Anthony Harris,Generalist,Python: decent; Excel: strong; Research: strong; Writing: strong; SQL: decent; Presentation: strong,verified:research:7; resume:research:10; self:eng:5,Startup Operations Intern - LaunchCo; Independent builder,10,12,Startups; Strategy; Operations; AI,,P003,HarborPoint Advisory,Investment Banking,Construct and defend a basic financial model from raw company information,Three-statement model + valuation + sensitivity analysis,Excel; Accounting; Financial modeling; Valuation,8,7,8.0,1.25,0.157,0,0,high,No evidence in this domain; capability does not transfer,rubric_engine
S030,Anthony Harris,Generalist,Python: decent; Excel: strong; Research: strong; Writing: strong; SQL: decent; Presentation: strong,verified:research:7; resume:research:10; self:eng:5,Startup Operations Intern - LaunchCo; Independent builder,10,12,Startups; Strategy; Operations; AI,,P004,Northstar Strategy,Strategy/Research,Research a fragmented market and produce actionable strategic insight,Market map + competitor analysis + TAM/SAM/SOM + recommendation + sources,Market research; Competitive analysis; Writing; Structured thinking,6,7,6.0,1.67,1.014,1,1,high,Reviewed evidence and aligned interest predict an eager repeat,rubric_engine
S030,Anthony Harris,Generalist,Python: decent; Excel: strong; Research: strong; Writing: strong; SQL: decent; Presentation: strong,verified:research:7; resume:research:10; self:eng:5,Startup Operations Intern - LaunchCo; Independent builder,10,12,Startups; Strategy; Operations; AI,,P005,Looply,Growth/Performance,Design and execute a low-cost consumer growth experiment,Growth hypothesis + campaign + KPI framework + analysis + next steps,Growth marketing; Analytics; Campaign design; Consumer psychology,8,14,4.0,2.5,0.51,0,0,low,Adjacent evidence only; nothing proves this specific deliverable,rubric_engine
S030,Anthony Harris,Generalist,Python: decent; Excel: strong; Research: strong; Writing: strong; SQL: decent; Presentation: strong,verified:research:7; resume:research:10; self:eng:5,Startup Operations Intern - LaunchCo; Independent builder,10,12,Startups; Strategy; Operations; AI,,P006,LaunchLayer,Product Engineering,Implement an ambiguous feature inside an existing codebase,React/Node feature + tests + documentation + PR-style review,JavaScript/TypeScript; React; Node.js; Git; Software engineering,8,7,8.0,1.25,0.203,0,0,medium,No evidence in this domain; capability does not transfer,rubric_engine
S031,Owen Fitzgerald,Product Engineering,JavaScript: strong; React: strong; Node.js: decent; Git: strong; SQL: decent,verified:eng:5; assessment:eng:6; resume:eng:9,Software Engineering Intern - Bracket Systems,12,14,Product engineering; SaaS; Developer tools,rejected:eng,P001,VisionForge AI,AI/ML,Improve an existing computer vision model and explain technical tradeoffs,PyTorch model improvement + reproducible implementation + technical memo,Python; PyTorch; Machine learning; Model evaluation; Git,8,10,5.6,2.14,0.608,0,0,high,Prior rejected trial in this family; pattern repeats despite strong skills,rubric_engine
S031,Owen Fitzgerald,Product Engineering,JavaScript: strong; React: strong; Node.js: decent; Git: strong; SQL: decent,verified:eng:5; assessment:eng:6; resume:eng:9,Software Engineering Intern - Bracket Systems,12,14,Product engineering; SaaS; Developer tools,rejected:eng,P002,DataStack Labs,Infrastructure/Data,Build a reliable pipeline from messy source data,Ingestion + cleaning + validation + storage + analytics table,Python; SQL; Data engineering; Data validation; Git,7,7,7.0,1.71,0.608,0,0,high,Prior rejected trial in this family; pattern repeats despite strong skills,rubric_engine
S031,Owen Fitzgerald,Product Engineering,JavaScript: strong; React: strong; Node.js: decent; Git: strong; SQL: decent,verified:eng:5; assessment:eng:6; resume:eng:9,Software Engineering Intern - Bracket Systems,12,14,Product engineering; SaaS; Developer tools,rejected:eng,P003,HarborPoint Advisory,Investment Banking,Construct and defend a basic financial model from raw company information,Three-statement model + valuation + sensitivity analysis,Excel; Accounting; Financial modeling; Valuation,8,7,8.0,1.5,0.182,0,0,medium,No evidence in this domain; capability does not transfer,rubric_engine
S031,Owen Fitzgerald,Product Engineering,JavaScript: strong; React: strong; Node.js: decent; Git: strong; SQL: decent,verified:eng:5; assessment:eng:6; resume:eng:9,Software Engineering Intern - Bracket Systems,12,14,Product engineering; SaaS; Developer tools,rejected:eng,P004,Northstar Strategy,Strategy/Research,Research a fragmented market and produce actionable strategic insight,Market map + competitor analysis + TAM/SAM/SOM + recommendation + sources,Market research; Competitive analysis; Writing; Structured thinking,6,7,6.0,2.0,0.182,0,0,medium,No evidence in this domain; capability does not transfer,rubric_engine
S031,Owen Fitzgerald,Product Engineering,JavaScript: strong; React: strong; Node.js: decent; Git: strong; SQL: decent,verified:eng:5; assessment:eng:6; resume:eng:9,Software Engineering Intern - Bracket Systems,12,14,Product engineering; SaaS; Developer tools,rejected:eng,P005,Looply,Growth/Performance,Design and execute a low-cost consumer growth experiment,Growth hypothesis + campaign + KPI framework + analysis + next steps,Growth marketing; Analytics; Campaign design; Consumer psychology,8,14,4.0,3.0,0.182,0,0,medium,No evidence in this domain; capability does not transfer,rubric_engine
S031,Owen Fitzgerald,Product Engineering,JavaScript: strong; React: strong; Node.js: decent; Git: strong; SQL: decent,verified:eng:5; assessment:eng:6; resume:eng:9,Software Engineering Intern - Bracket Systems,12,14,Product engineering; SaaS; Developer tools,rejected:eng,P006,LaunchLayer,Product Engineering,Implement an ambiguous feature inside an existing codebase,React/Node feature + tests + documentation + PR-style review,JavaScript/TypeScript; React; Node.js; Git; Software engineering,8,7,8.0,1.5,1.216,0,0,high,Prior rejected trial in this family; pattern repeats despite strong skills,rubric_engine
S032,Nadia Rahman,AI/ML,Python: strong; TensorFlow: strong; ML: strong; Statistics: strong,verified:ml:31; assessment:ml:34; resume:ml:33,ML Intern - Vantage Analytics (2023); no activity since,10,12,Medicine; Clinical research; Public health,,P001,VisionForge AI,AI/ML,Improve an existing computer vision model and explain technical tradeoffs,PyTorch model improvement + reproducible implementation + technical memo,Python; PyTorch; Machine learning; Model evaluation; Git,8,10,5.6,1.79,0.608,1,0,medium,"Capable but interests point elsewhere; acceptable work, no repeat",rubric_engine
S032,Nadia Rahman,AI/ML,Python: strong; TensorFlow: strong; ML: strong; Statistics: strong,verified:ml:31; assessment:ml:34; resume:ml:33,ML Intern - Vantage Analytics (2023); no activity since,10,12,Medicine; Clinical research; Public health,,P002,DataStack Labs,Infrastructure/Data,Build a reliable pipeline from messy source data,Ingestion + cleaning + validation + storage + analytics table,Python; SQL; Data engineering; Data validation; Git,7,7,7.0,1.43,0.304,0,0,medium,Adjacent-domain evidence only; capability unproven here,rubric_engine
S032,Nadia Rahman,AI/ML,Python: strong; TensorFlow: strong; ML: strong; Statistics: strong,verified:ml:31; assessment:ml:34; resume:ml:33,ML Intern - Vantage Analytics (2023); no activity since,10,12,Medicine; Clinical research; Public health,,P003,HarborPoint Advisory,Investment Banking,Construct and defend a basic financial model from raw company information,Three-statement model + valuation + sensitivity analysis,Excel; Accounting; Financial modeling; Valuation,8,7,8.0,1.25,0.091,0,0,high,No evidence in this domain; capability does not transfer,rubric_engine
S032,Nadia Rahman,AI/ML,Python: strong; TensorFlow: strong; ML: strong; Statistics: strong,verified:ml:31; assessment:ml:34; resume:ml:33,ML Intern - Vantage Analytics (2023); no activity since,10,12,Medicine; Clinical research; Public health,,P004,Northstar Strategy,Strategy/Research,Research a fragmented market and produce actionable strategic insight,Market map + competitor analysis + TAM/SAM/SOM + recommendation + sources,Market research; Competitive analysis; Writing; Structured thinking,6,7,6.0,1.67,0.091,0,0,high,No evidence in this domain; capability does not transfer,rubric_engine
S032,Nadia Rahman,AI/ML,Python: strong; TensorFlow: strong; ML: strong; Statistics: strong,verified:ml:31; assessment:ml:34; resume:ml:33,ML Intern - Vantage Analytics (2023); no activity since,10,12,Medicine; Clinical research; Public health,,P005,Looply,Growth/Performance,Design and execute a low-cost consumer growth experiment,Growth hypothesis + campaign + KPI framework + analysis + next steps,Growth marketing; Analytics; Campaign design; Consumer psychology,8,14,4.0,2.5,0.091,0,0,high,No evidence in this domain; capability does not transfer,rubric_engine
S032,Nadia Rahman,AI/ML,Python: strong; TensorFlow: strong; ML: strong; Statistics: strong,verified:ml:31; assessment:ml:34; resume:ml:33,ML Intern - Vantage Analytics (2023); no activity since,10,12,Medicine; Clinical research; Public health,,P006,LaunchLayer,Product Engineering,Implement an ambiguous feature inside an existing codebase,React/Node feature + tests + documentation + PR-style review,JavaScript/TypeScript; React; Node.js; Git; Software engineering,8,7,8.0,1.25,0.304,0,0,medium,Adjacent-domain evidence only; capability unproven here,rubric_engine
S033,Caleb Turner,Finance,Excel: strong; Financial modeling: strong; Valuation: strong; Accounting: strong,accepted_trial:fin:4; verified:fin:6; assessment:fin:6,Finance Intern - Cornerstone Partners,3,8,Investment banking; Private equity; Valuation,,P001,VisionForge AI,AI/ML,Improve an existing computer vision model and explain technical tradeoffs,PyTorch model improvement + reproducible implementation + technical memo,Python; PyTorch; Machine learning; Model evaluation; Git,8,10,5.6,0.54,0.241,0,0,high,"Only 54% of needed hours before deadline; timeline fails, not capability",rubric_engine
S033,Caleb Turner,Finance,Excel: strong; Financial modeling: strong; Valuation: strong; Accounting: strong,accepted_trial:fin:4; verified:fin:6; assessment:fin:6,Finance Intern - Cornerstone Partners,3,8,Investment banking; Private equity; Valuation,,P002,DataStack Labs,Infrastructure/Data,Build a reliable pipeline from messy source data,Ingestion + cleaning + validation + storage + analytics table,Python; SQL; Data engineering; Data validation; Git,7,7,7.0,0.43,0.241,0,0,high,"Only 43% of needed hours before deadline; timeline fails, not capability",rubric_engine
S033,Caleb Turner,Finance,Excel: strong; Financial modeling: strong; Valuation: strong; Accounting: strong,accepted_trial:fin:4; verified:fin:6; assessment:fin:6,Finance Intern - Cornerstone Partners,3,8,Investment banking; Private equity; Valuation,,P003,HarborPoint Advisory,Investment Banking,Construct and defend a basic financial model from raw company information,Three-statement model + valuation + sensitivity analysis,Excel; Accounting; Financial modeling; Valuation,8,7,8.0,0.38,1.605,0,0,high,"Only 38% of needed hours before deadline; timeline fails, not capability",rubric_engine
S033,Caleb Turner,Finance,Excel: strong; Financial modeling: strong; Valuation: strong; Accounting: strong,accepted_trial:fin:4; verified:fin:6; assessment:fin:6,Finance Intern - Cornerstone Partners,3,8,Investment banking; Private equity; Valuation,,P004,Northstar Strategy,Strategy/Research,Research a fragmented market and produce actionable strategic insight,Market map + competitor analysis + TAM/SAM/SOM + recommendation + sources,Market research; Competitive analysis; Writing; Structured thinking,6,7,6.0,0.5,0.802,0,0,high,"Only 50% of needed hours before deadline; timeline fails, not capability",rubric_engine
S033,Caleb Turner,Finance,Excel: strong; Financial modeling: strong; Valuation: strong; Accounting: strong,accepted_trial:fin:4; verified:fin:6; assessment:fin:6,Finance Intern - Cornerstone Partners,3,8,Investment banking; Private equity; Valuation,,P005,Looply,Growth/Performance,Design and execute a low-cost consumer growth experiment,Growth hypothesis + campaign + KPI framework + analysis + next steps,Growth marketing; Analytics; Campaign design; Consumer psychology,8,14,4.0,0.75,0.241,0,0,medium,No evidence in this domain; capability does not transfer,rubric_engine
S033,Caleb Turner,Finance,Excel: strong; Financial modeling: strong; Valuation: strong; Accounting: strong,accepted_trial:fin:4; verified:fin:6; assessment:fin:6,Finance Intern - Cornerstone Partners,3,8,Investment banking; Private equity; Valuation,,P006,LaunchLayer,Product Engineering,Implement an ambiguous feature inside an existing codebase,React/Node feature + tests + documentation + PR-style review,JavaScript/TypeScript; React; Node.js; Git; Software engineering,8,7,8.0,0.38,0.241,0,0,high,"Only 38% of needed hours before deadline; timeline fails, not capability",rubric_engine
S034,Priyanka Nair,Strategy/Research,Market research: strong; Writing: strong; Excel: decent; Presentation: strong,resume:research:5; resume:research:11; resume:fin:15; self:research:3,Strategy Intern - Apex Global; Research Intern - Tier-1 Consultancy,10,12,Strategy; Consulting; Market research,,P001,VisionForge AI,AI/ML,Improve an existing computer vision model and explain technical tradeoffs,PyTorch model improvement + reproducible implementation + technical memo,Python; PyTorch; Machine learning; Model evaluation; Git,8,10,5.6,1.79,0.105,0,0,high,No evidence in this domain; capability does not transfer,rubric_engine
S034,Priyanka Nair,Strategy/Research,Market research: strong; Writing: strong; Excel: decent; Presentation: strong,resume:research:5; resume:research:11; resume:fin:15; self:research:3,Strategy Intern - Apex Global; Research Intern - Tier-1 Consultancy,10,12,Strategy; Consulting; Market research,,P002,DataStack Labs,Infrastructure/Data,Build a reliable pipeline from messy source data,Ingestion + cleaning + validation + storage + analytics table,Python; SQL; Data engineering; Data validation; Git,7,7,7.0,1.43,0.105,0,0,high,No evidence in this domain; capability does not transfer,rubric_engine
S034,Priyanka Nair,Strategy/Research,Market research: strong; Writing: strong; Excel: decent; Presentation: strong,resume:research:5; resume:research:11; resume:fin:15; self:research:3,Strategy Intern - Apex Global; Research Intern - Tier-1 Consultancy,10,12,Strategy; Consulting; Market research,,P003,HarborPoint Advisory,Investment Banking,Construct and defend a basic financial model from raw company information,Three-statement model + valuation + sensitivity analysis,Excel; Accounting; Financial modeling; Valuation,8,7,8.0,1.25,0.428,1,0,medium,"Capable but interests point elsewhere; acceptable work, no repeat",rubric_engine
S034,Priyanka Nair,Strategy/Research,Market research: strong; Writing: strong; Excel: decent; Presentation: strong,resume:research:5; resume:research:11; resume:fin:15; self:research:3,Strategy Intern - Apex Global; Research Intern - Tier-1 Consultancy,10,12,Strategy; Consulting; Market research,,P004,Northstar Strategy,Strategy/Research,Research a fragmented market and produce actionable strategic insight,Market map + competitor analysis + TAM/SAM/SOM + recommendation + sources,Market research; Competitive analysis; Writing; Structured thinking,6,7,6.0,1.67,0.646,1,0,low,"Resume-only signal; authorship unverified, so rating stays skeptical",rubric_engine
S034,Priyanka Nair,Strategy/Research,Market research: strong; Writing: strong; Excel: decent; Presentation: strong,resume:research:5; resume:research:11; resume:fin:15; self:research:3,Strategy Intern - Apex Global; Research Intern - Tier-1 Consultancy,10,12,Strategy; Consulting; Market research,,P005,Looply,Growth/Performance,Design and execute a low-cost consumer growth experiment,Growth hypothesis + campaign + KPI framework + analysis + next steps,Growth marketing; Analytics; Campaign design; Consumer psychology,8,14,4.0,2.5,0.312,0,0,medium,Adjacent-domain evidence only; capability unproven here,rubric_engine
S034,Priyanka Nair,Strategy/Research,Market research: strong; Writing: strong; Excel: decent; Presentation: strong,resume:research:5; resume:research:11; resume:fin:15; self:research:3,Strategy Intern - Apex Global; Research Intern - Tier-1 Consultancy,10,12,Strategy; Consulting; Market research,,P006,LaunchLayer,Product Engineering,Implement an ambiguous feature inside an existing codebase,React/Node feature + tests + documentation + PR-style review,JavaScript/TypeScript; React; Node.js; Git; Software engineering,8,7,8.0,1.25,0.105,0,0,high,No evidence in this domain; capability does not transfer,rubric_engine
S035,Jonah Weiss,Growth,Analytics: decent; Paid ads: decent; Copywriting: decent; Excel: decent; SQL: beginner,verified:growth:8; assessment:growth:9; resume:growth:12,Growth Intern - Midline Apps,10,12,Law school; Policy; Public sector,,P001,VisionForge AI,AI/ML,Improve an existing computer vision model and explain technical tradeoffs,PyTorch model improvement + reproducible implementation + technical memo,Python; PyTorch; Machine learning; Model evaluation; Git,8,10,5.6,1.79,0.182,0,0,medium,No evidence in this domain; capability does not transfer,rubric_engine
S035,Jonah Weiss,Growth,Analytics: decent; Paid ads: decent; Copywriting: decent; Excel: decent; SQL: beginner,verified:growth:8; assessment:growth:9; resume:growth:12,Growth Intern - Midline Apps,10,12,Law school; Policy; Public sector,,P002,DataStack Labs,Infrastructure/Data,Build a reliable pipeline from messy source data,Ingestion + cleaning + validation + storage + analytics table,Python; SQL; Data engineering; Data validation; Git,7,7,7.0,1.43,0.182,0,0,medium,No evidence in this domain; capability does not transfer,rubric_engine
S035,Jonah Weiss,Growth,Analytics: decent; Paid ads: decent; Copywriting: decent; Excel: decent; SQL: beginner,verified:growth:8; assessment:growth:9; resume:growth:12,Growth Intern - Midline Apps,10,12,Law school; Policy; Public sector,,P003,HarborPoint Advisory,Investment Banking,Construct and defend a basic financial model from raw company information,Three-statement model + valuation + sensitivity analysis,Excel; Accounting; Financial modeling; Valuation,8,7,8.0,1.25,0.182,0,0,medium,No evidence in this domain; capability does not transfer,rubric_engine
S035,Jonah Weiss,Growth,Analytics: decent; Paid ads: decent; Copywriting: decent; Excel: decent; SQL: beginner,verified:growth:8; assessment:growth:9; resume:growth:12,Growth Intern - Midline Apps,10,12,Law school; Policy; Public sector,,P004,Northstar Strategy,Strategy/Research,Research a fragmented market and produce actionable strategic insight,Market map + competitor analysis + TAM/SAM/SOM + recommendation + sources,Market research; Competitive analysis; Writing; Structured thinking,6,7,6.0,1.67,0.608,1,0,medium,"Capable but interests point elsewhere; acceptable work, no repeat",rubric_engine
S035,Jonah Weiss,Growth,Analytics: decent; Paid ads: decent; Copywriting: decent; Excel: decent; SQL: beginner,verified:growth:8; assessment:growth:9; resume:growth:12,Growth Intern - Midline Apps,10,12,Law school; Policy; Public sector,,P005,Looply,Growth/Performance,Design and execute a low-cost consumer growth experiment,Growth hypothesis + campaign + KPI framework + analysis + next steps,Growth marketing; Analytics; Campaign design; Consumer psychology,8,14,4.0,2.5,1.216,1,0,medium,"Capable but interests point elsewhere; acceptable work, no repeat",rubric_engine
S035,Jonah Weiss,Growth,Analytics: decent; Paid ads: decent; Copywriting: decent; Excel: decent; SQL: beginner,verified:growth:8; assessment:growth:9; resume:growth:12,Growth Intern - Midline Apps,10,12,Law school; Policy; Public sector,,P006,LaunchLayer,Product Engineering,Implement an ambiguous feature inside an existing codebase,React/Node feature + tests + documentation + PR-style review,JavaScript/TypeScript; React; Node.js; Git; Software engineering,8,7,8.0,1.25,0.182,0,0,medium,No evidence in this domain; capability does not transfer,rubric_engine
S036,Talia Brooks,Data/Research,Python: strong; SQL: strong; Data analysis: strong; Statistics: strong,verified:data:5; assessment:data:6; resume:data:9,Data Analyst Intern - Fieldstone; Research Assistant,9,1,Data analytics; Research; Startups,,P001,VisionForge AI,AI/ML,Improve an existing computer vision model and explain technical tradeoffs,PyTorch model improvement + reproducible implementation + technical memo,Python; PyTorch; Machine learning; Model evaluation; Git,8,10,5.6,1.61,0.608,0,0,high,"End date precedes deadline; timeline fails, capability untested",rubric_engine
S036,Talia Brooks,Data/Research,Python: strong; SQL: strong; Data analysis: strong; Statistics: strong,verified:data:5; assessment:data:6; resume:data:9,Data Analyst Intern - Fieldstone; Research Assistant,9,1,Data analytics; Research; Startups,,P002,DataStack Labs,Infrastructure/Data,Build a reliable pipeline from messy source data,Ingestion + cleaning + validation + storage + analytics table,Python; SQL; Data engineering; Data validation; Git,7,7,7.0,1.29,1.216,1,1,high,Reviewed evidence and aligned interest predict an eager repeat,rubric_engine
S036,Talia Brooks,Data/Research,Python: strong; SQL: strong; Data analysis: strong; Statistics: strong,verified:data:5; assessment:data:6; resume:data:9,Data Analyst Intern - Fieldstone; Research Assistant,9,1,Data analytics; Research; Startups,,P003,HarborPoint Advisory,Investment Banking,Construct and defend a basic financial model from raw company information,Three-statement model + valuation + sensitivity analysis,Excel; Accounting; Financial modeling; Valuation,8,7,8.0,1.12,0.182,0,0,medium,No evidence in this domain; capability does not transfer,rubric_engine
S036,Talia Brooks,Data/Research,Python: strong; SQL: strong; Data analysis: strong; Statistics: strong,verified:data:5; assessment:data:6; resume:data:9,Data Analyst Intern - Fieldstone; Research Assistant,9,1,Data analytics; Research; Startups,,P004,Northstar Strategy,Strategy/Research,Research a fragmented market and produce actionable strategic insight,Market map + competitor analysis + TAM/SAM/SOM + recommendation + sources,Market research; Competitive analysis; Writing; Structured thinking,6,7,6.0,1.5,0.182,0,0,medium,No evidence in this domain; capability does not transfer,rubric_engine
S036,Talia Brooks,Data/Research,Python: strong; SQL: strong; Data analysis: strong; Statistics: strong,verified:data:5; assessment:data:6; resume:data:9,Data Analyst Intern - Fieldstone; Research Assistant,9,1,Data analytics; Research; Startups,,P005,Looply,Growth/Performance,Design and execute a low-cost consumer growth experiment,Growth hypothesis + campaign + KPI framework + analysis + next steps,Growth marketing; Analytics; Campaign design; Consumer psychology,8,14,4.0,2.25,0.182,0,0,high,"End date precedes deadline; timeline fails, capability untested",rubric_engine
S036,Talia Brooks,Data/Research,Python: strong; SQL: strong; Data analysis: strong; Statistics: strong,verified:data:5; assessment:data:6; resume:data:9,Data Analyst Intern - Fieldstone; Research Assistant,9,1,Data analytics; Research; Startups,,P006,LaunchLayer,Product Engineering,Implement an ambiguous feature inside an existing codebase,React/Node feature + tests + documentation + PR-style review,JavaScript/TypeScript; React; Node.js; Git; Software engineering,8,7,8.0,1.12,0.608,1,0,medium,"Solid verified fit but not exceptional; likely fine, not eager",rubric_engine
